dataset,image_file,label_file,status,reference_text,ocr_text_raw,ocr_text_fuzzy,ref_chars,ref_words,cer_raw,wer_raw,cer_fuzzy,wer_fuzzy,ocr_time_sec,error
original,x1.jpg,labelx1.txt,ok,"Aqua, Niacinamide, Butylene Glycol, Citrus Sinensis Fruit Water, Glycerin, Phenoxyethanol, Dipotassium Glycyrrhizinate, Sodium Hyaluronate, Helianthus Annuus Virginiana Leaf Extract, Malva Domestica Fruit Extract, Acrylates/C10-30 Alkyl Acrylate Crosspolymer, Arginine, PEG-40 Hydrogenated Castor Oil, Hibiscus Sabdariffa Flower Extract, Disodium EDTA, Trihydroxystearin, Polysorbate 20, Fragrance, Lecithin, Propylene Glycol, Glutathione, Caprylyl 2-Glyceryl Ascorbate, Cystoseira Tamariscifolia Extract, 1,2-Hexanediol, Ethylhexylglycerin, Aloe Barbadensis Leaf Juice, Potassium Sorbate, Ascorbic Acid, Aloe Tocopheryl Acetate, CI 77891, Sodium Benzoate, Caprylic/Capric Triglyceride, Haematococcus Pluvialis Extract, Portulaca Oleracea Extract, Rosmarinus Officinalis Leaf Extract","WUsen8'U: Aqua, Nacinamide, Butylene Giycol, Citrus Sinensis Frult Water, Glycerin, Phenaxyethanol, Dipotassium Glycymhizinate, Sodium Hyaluronate, Hamamelis Virginiana Leaf Water, Malus Domestica Fruit Extract, Acylates/C10-30 Alkyl Acrylate Crosspolymer, Arginine, PEG-40 Hydrogenated Castor Oll, Hibiscus Sabdariffa Flower Extract, Disodium EDTA, Triethylene Glycol, Polysorbate 20, Fragrance, Lecithin, Propylene Glycol, Glutathione, Maltodextrin, Caprytyl 2-Glyceryl Ascorbate, Cystoseira Tamariscifolia Extract. 1,2-Hexanediol, Arbutin, Ascorbic Acid, Aloe Barbadensis Leaf Juce, Potassium Sorbate, Linseed Oil Fatty Acid, Tocopheryl Acetate, C 17200, Cl 15985, Citric Acid, Sodium Benzoate, Caprylc/Capric Trigyceride, Haematococcus Pluvialis Extract, Ascorbyl Palmitate, Rosmarinus Officinalis Leaf Extract wanles: uion ns uasninsn dd","WUsen8'U, Aqua, Niacinamide, Butylene Giycol, Citrus Sinensis, Frult Water, Glycerin, Phenoxyethanol, Dipotassium Glycyrrhizinate, Sodium, Hyaluronate, Hamamelis Virginiana Water, Malus Domestica Fruit Extract, Acylates/C10-30 Alkyl Acrylate Crosspolymer, Arginine, PEG-40 Hydrogenated, Castor Oll, Hibiscus Sabdariffa Flower Extract, Disodium EDTA, Triethylene, Glycol, Polysorbate 20, Fragrance, Lecithin, Propylene Glycol, Glutathione, Maltodextrin, Caprytyl 2-Glyceryl Ascorbate, Cystoseira, Tamariscifolia Extract. 1,2-Hexanediol, Arbutin, Ascorbic Acid, Aloe, Barbadensis Leaf Juce, Potassium Sorbate, Linseed Oil Fatty Acid, Tocopheryl Acetate, CI 17200, Cl 15985, Citric Acid, Sodium Benzoate, Caprylic/Capric Triglyceride, Haematococcus Pluvialis Extract, Ascorbyl, Palmitate, Rosmarinus Officinalis Leaf Extract, wanles, uion ns uasninsn dd",783,81,0.2363,0.5062,0.2388,0.5185,15.863,
original,x10.jpg,labelx10.txt,ok,"Water, Methylpropanediol, Triethanolamine, Glycerin, Polysorbate 60, Dimethicone, Niacinamide, Salicylic Acid, Sorbitan Sesquioleate, Tromethamine, Cetyl Ethylhexanoate, Bis-PEG-18 Methyl Ether Dimethyl Silane, Glyceryl Stearate, PEG-100 Stearate, Cyclopentasiloxane, Cyclohexasiloxane, Phenoxyethanol, Acrylates/Beheneth-25 Methacrylate Copolymer, Carbomer, Fragrance, Torreya Nucifera Extract, Hamamelis Virginiana Water, Melaleuca Alternifolia Extract, Chamomilla Recutita Extract, Lactobacillus/Soybean Ferment Extract, Salix Alba Bark Extract, Cinnamomum Zeylanicum Bark Extract, Origanum Vulgare Leaf Extract, Chamaecyparis Obtusa Leaf Extract, Scutellaria Baicalensis Root Extract, Portulaca Oleracea Extract, Butylene Glycol, 1,2-Hexanediol, Propanediol, Caffeoyl SH-Octapeptide-4","INGREDIENTS/douus:nou: WATER. METHYLPROPANEDIOL TRIETHANOLAMINE, GLYCERIN, POLYSORBATE 60, DIMETHICONE NIACINAMIDE SALICYLIC ACID, SORBITAN SESQUIOLEATE, TROMETHAMINE, CETYL ETHYLHEXANOATE, BIS-PEG-18 METHYL ETHER DIMETHYL SILANE, GLYCERYL STEARATE, PEG-100 STEARATE CYCLOPENTASILOXANE, CYCLOHEXASILOXANE PHENOXYETHANOL, ACRYLATES/BEHENETH-25 METHACRYLATE COPOLYMER, CARBOMER, FRAGRANCE RECUTITA EXTRACT, LACTOBACILLUS/SOYBEAN FERMENT EXTRACT, SALIX ALBA BARK EXTRACT, CINNAMOMUM TORREYA NUCIFERA EXTRACT, HAMAMELIS VIRGINIANA WATER MELALEUCA ALTERNIFOLUA EXTRACT, CHAMOMILLA ZEYLANICUM BARK EXTRACT, ORIGANUM VULGARE LEAF EXTRACT, CHAMAECYPARIS OBTUSA LEAF EXTRACT SCUTELARIA BAICALENSIS ROOT EXTRACT, PORTULACA OLERACEA EXTRACT,BUTYLENE GLYOLHEAOL PROPANEDIOL, CAFFEOYL SH-OCTAPEPTIDE-4 00034608","nou, WATER. METHYLPROPANEDIOL TRIETHANOLAMINE, GLYCERIN, POLYSORBATE 60, DIMETHICONE NIACINAMIDE, SALICYLIC ACID, SORBITAN SESQUIOLEATE, TROMETHAMINE, CETYL ETHYLHEXANOATE, BIS-PEG-18 METHYL, ETHER DIMETHYL SILANE, GLYCERYL STEARATE, PEG-100 STEARATE CYCLOPENTASILOXANE, CYCLOHEXASILOXANE, PHENOXYETHANOL, ACRYLATES/BEHENETH-25 METHACRYLATE COPOLYMER, CARBOMER, FRAGRANCE, RECUTITA EXTRACT, LACTOBACILLUS/SOYBEAN FERMENT EXTRACT, SALIX ALBA BARK EXTRACT, CINNAMOMUM, TORREYA NUCIFERA EXTRACT, HAMAMELIS VIRGINIANA WATER MELALEUCA ALTERNIFOLUA EXTRACT, CHAMOMILLA, ZEYLANICUM BARK EXTRACT, ORIGANUM VULGARE LEAF EXTRACT, CHAMAECYPARIS OBTUSA LEAF/ROOT EXTRACT, SCUTELARIA BAICALENSIS ROOT EXTRACT, PORTULACA OLERACEA EXTRACT, BUTYLENE GLYOLHEAOL, PROPANEDIOL, CAFFEOYL SH-OCTAPEPTIDE-4, 00034608",788,76,0.2246,0.4342,0.2056,0.3947,16.397,
original,x100.jpg,labelx100.txt,ok,"Ethylhexyl Palmitate, Isopropyl Myristate, Butyl PEG-20 Glyceryl Triisostearate, Synthetic Wax, Glyceryl Behenate/Eicosadioate, Charcoal Powder, Butylene Glycol, Butyrospermum Parkii Butter, Polyglyceryl-2 Isostearate, Phenoxyethanol, Beeswax, Fragrance, Lauryl PEG-9 Polydimethylsiloxyethyl Dimethicone, Chlorphenesin, Butylated Hydroxytoluene, Tocopheryl Acetate, Water, Glycerin, Allantoin, Epigallocatechin Gallate, Salicylic Acid, Oryza Sativa Bran Oil, Brassica Campestris Seed Oil, Ceramide NP, Dipropylene Glycol, Tocopherol, Hydrogenated Lecithin, Bambusa Vulgaris Leaf Extract, Camellia Japonica Seed Oil, Saccharomyces/Iron Ferment, Saccharomyces/Copper Ferment, Saccharomyces/Silicon Ferment, Saccharomyces/Zinc Ferment, Glyceryl Stearate, Oryza Sativa Germ Oil, Phoenix Dactylifera Seed Extract, Camellia Sinensis Leaf Extract, Leuconostoc/Radish Root Ferment Filtrate, Alpinia Zerumbet Leaf Extract, Oryza Sativa (Rice) Bran Extract, Citrus Junos Seed Oil, Camellia Sinensis Seed Oil, Tartaric Acid, Sodium Metabisulfite, Helianthus Annuus Seed Oil, Ceramide AP, Ceramide AS, Ceramide NS, Cholesterol, Limnanthes Alba Seed Oil, Macadamia Ternifolia Seed Oil, Oenothera Biennis Oil, Persea Gratissima Oil, Rosa Canina Fruit Oil, Simmondsia Chinensis Seed Oil, Ceramide EOP","REDUCES PORE APPEARANCE *GU EPIDERMIS A UU:NDU/INGREDIENTS: ETHYLHEXYL PALMITATE. ISOPROPYL MYRISTATE, PEG-20 GLYCERYL TRIISOSTEARATE, PARKII BUTTER, POLYGLYCERYL-2 ISOSTEARATE, PHENOXYETHANOL, FRAGRANCE, LAURYL PEG-9 POLYDIMETHYLSILOXYETHYL DIMETHICONE.  CHLORPHENESIN, BUTYLATED HYOROXYTOLUENE, TOCOPHERYL ACETATE, WATER, GLYCERIN, ALLANTOIN.  EPIGALLOCATECHIN GALLATE, SALICYLIC ACID, ORYZA SATIVA BRAN OIL. BRASSICA CAMPESTRIS SEED OIL. CERAMIDE NP, DIPROPYLENE GLYCOL, TOCOPHEROL. HYDROGENATED LECITHIN, BAMBUSA VULGARIS EXTRACT, SACCHAROMYCES/COPPER FERMENT, SACCHAROMYCES/IRON FERMENT LEAF EXTRACT, CAMELLIA JAPONICA SEED OIL, CAMELLIA SINENSIS LEAF FERMENT. SACCHAROMYCES/SILICON SACCHAROMYCES/MAGNESIUM FERMENT, SACCHAROMYCES/ZINC FERMENT. GLYCERYL STEARATE, ORYZA SATIVA GERM GIL, PRUNUS AMYGDALUS LEUCONOSTOC/RADISH ROOT FERMENT DULCIS OIL, VITIS VINIFERA SEED OIL, CITRUS IUNOS SEED OIL CAMELLIA FILTRATE. ALPINIA ZERUMBET LEAF OIL. LCALOPHYLLUM HYLLUM SEED OIL SINENSIS SEED S SEED OIL CERAMIDE AP. CERAMIDE AS, CERAMIDE NS. CHOLESTEROL, CITRUS DEPRESSA OIL HELIANTHUS OIL LIMNANTHES ALBA SEED ANNUUS SEED OIL BUTYROSPERMUM PARKI OIL, CORYLUS AVELLANA SEED OIL. OIL MACADAMIA DENOTHERA BIENS OIL TERNIFOLIA SEED OIL. PERSEA GRATISSIMA ROSA CANINA FR 4 OIL SIMMONDSIA CHINENSIS SEED OIL. CERAMIDE EOP","REDUCES PORE APPEARANCE, GU EPIDERMIS, A, UU, NDU/INGREDIENTS, ETHYLHEXYL, PALMITATE, ISOPROPYL, MYRISTATE, PEG-240, GLYCERYL DIISOSTEARATE, PARKII BUTTER, POLYGLYCERYL-2, ISOSTEARATE, PHENOXYETHANOL, FRAGRANCE, LAURYL PEG-9, PEG-9 POLYDIMETHYLSILOXYETHYL DIMETHICONE, CHLORPHENESIN, BUTYLATED HYOROXYTOLUENE, TOCOPHEROL, ACETATE, WATER, GLYCERIN, ALLANTOIN, EPIGALLOCATECHIN GALLATE, SALICYLIC ACID, ORYZA SATIVA BRAN OIL, BRASSICA CAMPESTRIS SEED OIL, CERAMIDE NG, PROPYLENE GLYCOL, TOCOPHEROL. HYDROGENATED, LECITHIN, BAMBUSA VULGARIS, EXTRACT, SACCHAROMYCES/COPPER FERMENT, SACCHAROMYCES/SILICON FERMENT, LEAF, EXTRACT, CAMELLIA JAPONICA SEED OIL, OIL, CAMELLIA SINENSIS LEAF OIL, FERMENT. SACCHAROMYCES/SILICON, SACCHAROMYCES/MAGNESIUM, FERMENT, SACCHAROMYCES/ZINC FERMENT, GLYCERYL STEARATE, ORYZA, SATIVA GERM GIL, PRUNUS AMYGDALUS, LEUCONOSTOC/RADISH ROOT FERMENT, DULCIS OIL, VITIS, VINIFERA SEED, OIL, CITRUS JUNOS SEED OIL, CAMELLIA, FILTRATE, ALPINIA ZERUMBET LEAF OIL, LCALOPHYLLUM, HYLLUM, SEED OIL, SINENSIS, SEED, S SEED, OIL, CERAMIDE AP. CERAMIDE AS, CERAMIDE, NS. CHOLESTEROL, CITRUS, DEPRESSA, OIL, HELIANTHUS, OIL LIMNANTHES, ALBA SEED, ANNUUS, SEED, OIL, BUTYROSPERMUM, PARKI OIL, CORYLUS AVELLANA SEED, OIL, OIL, MACADAMIA, DENOTHERA, BIENS, OIL, TERNIFOLIA SEED OIL, PERSEA, GRATISSIMA, ROSA, CANINA, FR, 4, OIL, SIMMONDSIA CHINENSIS SEED OIL, CERAMIDE, EOP",1285,145,0.4428,0.669,0.4693,0.7241,39.7498,
original,x101.jpg,labelx101.txt,ok,"Water, Propylene Glycol, Butylene Glycol, Hydroxyphenoxy Propionic Acid, Tranexamic Acid, Saxifraga Sarmentosa Extract, Phenoxyethanol, Sodium Ascorbyl Phosphate, Glycerin, Vitis Vinifera (Grape) Fruit Extract, Chlorphenesin, Morus Bombycis Root Extract, Disodium EDTA, Sodium Hyaluronate, Scutellaria Baicalensis Root Extract, Tartaric Acid, Sodium Metabisulfite, Sodium Sulfite, Psidium Guajava Fruit Extract, Carica Papaya Fruit Extract","OuUs:nou/Ingredients: WATER, PROPYLENE GLYCOL, BUTYLENE GLYCOL HYDROXYPHENOXY PROPIONIC ACID, TRANEXAMIC ACID. SAXIFRAGA SARMENTOSA EXTRACT, PHENOXYETHANOL SODIUM ASCORBYL PHOSPHATE GLYCERIN, VITIS VINIFERA (GRAPE) FRUIT EXTRACT, CHLORPHENESIN, MORUS BOMBYCIS ROOT EXTRACT, DISODIUM EDTA. SODIUM HYALURONATE. SCUTELLARIA BAICALENSIS ROOT EXTRACT, TARTARIC ACID. SODIUM METABISULFITE. SODIUM SULFITE. PSIDIUM GUAJAVA FRUIT EXTRACT. CARICAPAPAYA FRUIT EXTRACT","OuUs, nou/Ingredients, WATER, PROPYLENE GLYCOL, BUTYLENE GLYCOL, HYDROXYPHENOXY PROPIONIC ACID, TRANEXAMIC ACID. SAXIFRAGA, SARMENTOSA EXTRACT, PHENOXYETHANOL SODIUM ASCORBYL PHOSPHATE, GLYCERIN, VITIS VINIFERA (GRAPE) FRUIT EXTRACT, CHLORPHENESIN, MORUS, BOMBYCIS ROOT EXTRACT, DISODIUM EDTA. SODIUM HYALURONATE. SCUTELLARIA, BAICALENSIS ROOT EXTRACT, TARTARIC ACID. SODIUM METABISULFITE, SODIUM SULFITE. PSIDIUM GUAJAVA FRUIT EXTRACT. CARICAPAPAYA, FRUIT EXTRACT",439,50,0.0752,0.26,0.0797,0.28,11.7578,
original,x102.jpg,labelx102.txt,ok,"Water, Niacinamide, Butylene Glycol, Ethoxydiglycol, Arginine, Allantoin, Aloe Barbadensis Leaf Juice Powder, Ascorbyl Glucoside, Glycolic Acid, Sodium Hyaluronate, Saxifraga Sarmentosa Extract, Phellodendron Amurense Bark Extract, Salix Alba (Willow) Bark Extract, Ramnemia Chinensis Root Extract, Melia Azadirachta Leaf Extract, Scutellaria Baicalensis Root Extract, Houttuynia Cordata Extract, Glycine Soja (Soybean) Seed Extract, Arisaema Amurense Extract, Decyl Glucoside, Camellia Japonica Flower Extract, Magnolia Kobus Branch/Flower Extract, Nelumbo Nucifera Flower Extract, Aureobasidium Pullulans Ferment, Saccharomyces Ferment, Centella Asiatica Extract, Phenoxyethanol, Acrylates/C10-30 Alkyl Acrylate Crosspolymer, Chlorphenesin, Sodium Polyacrylate, Ethylhexylglycerin, Glyceryl Caprylate, Palmitoyl Tripeptide-1, PEG-60 Hydrogenated Castor Oil, Sodium Hydroxide, Sorbitan Laurate, Trideceth-6, Tri-PG-3 Myristyl Ether Citrate, O-Cymen-5-Ol, 1,2-Hexanediol, Xanthan Gum","e:W, Naamid, Bun G EA,AlA Bde Lea Ju Pde, Ab GdG A Sm H,lP   Filtrate, Phellodendron Amurense Bark Extract, Salix Ala (Willow) Bark Edract, Rehmannia Cinensis Root Extract, Melia Azadirachta Leaf Extract, Scutellaria Baicalensis Root Extract, Houttuynia Codata Ea, Gline Soa (Sbean) Sed Exta, Asaema Amuee Ea,DGi. Camelia Japonica Rower Edract, Magnolia Kobus Branch/Hower/leaf Edra, Nelumbo Nudiera Fowe Extract, Aureobasidium Pullulans Ferment, Saccharomyces Ferment, Centella Asiatica Extract, Phenoxyethanol, Acrylates/C10-30 Alkyl Acrylate Crosspolymer, Chlorphenasin, Sodium Palyacrylala Glycen, Caprylic/Capric Triglyceride, Parainum Lquidum, PEG- Hydrogenated Casto Eyhexyycerin, Glyce Caprylae, Sodium Hydade, Sobian Lauate,Trdeceh-,Tri-G3 Myristyl Ether Citrate, O-Cymen-5-Ol, 1.2-Hexanediol, Ethyl Hexanediol","e, W, Naamid, Bun G EA, AlA Bde, Lea Ju Pde, Ab GdG A Sm H, lP, Filtrate, Phellodendron Amurense Bark Extract, Salix Ala (Willow) Bark Edract, Rehmannia Cinensis, Root Extract, Melia Azadirachta Leaf Extract, Scutellaria Baicalensis Root Extract, Houttuynia, Codata Ea, Gline Soa (Sbean) Sed Exta, Asaema Amuee Ea, DGi, Camelia Japonica Rower Edract, Magnolia Kobus Branch/Hower/leaf Edra, Nelumbo Nudiera Fowe, Extract, Aureobasidium Pullulans Ferment, Saccharomyces Ferment, Centella Asiatica Extract, Phenoxyethanol, Acrylates/C10-30 Alkyl Acrylate Crosspolymer, Chlorphenesin, Sodium Palyacrylala, Glycen, Caprylic/Capric Triglyceride, Parainum Lquidum, PEG- Hydrogenated Casto, Eyhexyycerin, Glyce Caprylae, Sodium Hydade, Sobian Lauate, Trdeceh, Tri-G3, Myristyl Ether Citrate, O-Cymen-5-Ol, 1.2-Hexanediol, Ethyl Hexanediol",983,105,0.3174,0.6,0.3143,0.6095,15.7982,
original,x103.jpg,labelx103.txt,ok,"Water, C12-15 Alkyl Benzoate, Diethylamino Hydroxybenzoyl Hexyl Benzoate, Ethylhexyl Salicylate, Propanediol, Dimethicone, Ethylhexyl Triazone, Silica, Titanium Dioxide, Polyglyceryl-4 Laurate, Bis-Ethylhexyloxyphenol Methoxyphenyl Triazine, Butyloctyl Salicylate, 1,2-Hexanediol, Phenoxyethanol, Lecithin, Polyglyceryl-6 Laurate, Glycerin, Talc, Acrylates/C10-30 Alkyl Acrylate Crosspolymer, Diutan Gum, Niacinamide, Allantoin, Hydroxyacetophenone, Sodium Hydroxide, Ethylhexylglycerin, Cyclopentasiloxane, Zinc PCA, Butylene Glycol, Capsicum Annuum Fruit Extract, Caprylhydroxamic Acid, Hydrolyzed Corn Starch Octenylsuccinate, Sodium Lauroyl Lactylate, Biosaccharide Gum-4, Ceramide NP, Ceramide AP, Phytosphingosine, Cholesterol, Isostearyl Isostearate, Xanthan Gum, Carbomer, Sodium Benzoate, Citric Acid, Green Tea Extract, Sodium Salicylate, Astaxanthin, Oryza Sativa Hull Extract, Butyrospermum Parkii (Shea Butter), Tocopherol, Ceramide EOP","NaRN/douwa: Wae, C2-15 AkyBenza, Diethylamno Hydroybenzo He Benzoae,Ehyhey Salcate, Propaned Dmeh,yraz,,anuD,PyycLaa,-EheMehTra,B 2-Hede,-La,Ta,AC-0AA,D Gcam,e,mE,aB CapsicmAnumFruac,CpryylSalcylA,HyroledComStacOctenysuccate,SodmLauroylcaBoacca- P Tea Extatctoaltetatroaatautactetruatul(tatututocoehero,ol, [amdeOP","NaRN/douwa, Wae, C2-15 AkyBenza, Diethylamno Hydroybenzo He Benzoae, Ehyhey Salcate, Propaned, Dmeh, yraz, anuD, PyycLaa, EheMehTra, B, 2-Hede, La, Ta, AC-0AA, D, Gcam, e, mE, aB, CapsicmAnumFruac, CpryylSalcylA, HyroledComStacOctenysuccate, SodmLauroylcaBoacca, P, Tea Extatctoaltetatroaatautactetruatul(tatututocoehero, ol, [amdeOP",949,95,0.7155,0.9895,0.6965,0.9895,13.7589,
original,x104.jpg,labelx104.txt,ok,"Aqua, Propanediol, C15-19 Alkane, Cetyl Alcohol, Isononyl Isononanoate, Polyglyceryl-10 Dipalmitate, Avena Sativa Kernel Extract, Dipotassium Glycyrrhizate, Niacinamide, Polyglyceryl-4 Distearate, Squalane, Phenoxyethanol, Polyacrylate Crosspolymer-6, Xylitylglucoside, Glyceryl Acrylate/Acrylic Acid Copolymer, PEG-100 Stearate, Persea Gratissima Oil, Ethylhexylglycerin, Aloe Barbadensis Leaf Extract, Tetrahexyldecyl Ascorbate, Tocopheryl Acetate, Xylitol, Fragrance, Tocopherol, Arginine, Propylene Glycol, 1,2-Hexanediol, Disodium EDTA, Butylene Glycol, Carrageenan, Sodium Hyaluronate, Sodium Lauroyl Glutamate, Cetearyl Alcohol, Ceramide NP, Hydrogenated Lecithin, Xanthan Gum, CI 19140, Benzyl Alcohol, Ceramide AP, Phytosphingosine, CI 42090, Cetearyl Glucoside, Helichrysum Stoechas Callus Culture Lysate, Citric Acid, Sodium Citrate, Sodium Benzoate, Ceramide EOS, Sodium Hyaluronate Crosspolymer, Benzoic Acid, Ginseng Gum, Potassium Sorbate, Sorbic Acid, Coumarin, Glycyrrhetinic Acid","nU: Agua, Propanediol, C15-19 Aliane, Cety Alcohol, sonony! Isononanoate, Polygyceryl-10 Dipalmitate, Avena Sativa Kemel Extract, Dipotassium Glycymhizonate, Nachamide, Poyglyceryl-6 Disteanate, Squalane, Phenoxyethanol, Polyacrylate Crosspolymer-6, Xyltyiglucoside, Glycery a. Monostearate, PEG-100 Steenate, Persea Gratissima Oil, Anhydrouyltol, Mars Saccharide somenate, Glucose, Dsodum EDTA, Butylane Gycol, T-butyl Aichol. L 2hesanediol, Centella Aslatica Leaf Edract, Hydrogenated Polydecene, Persea Gratssima Fruit Extract, Glycery( Stearate, C 19140, 1,2-Dlhydroxypentane, Cetearyl Alcohol, Ceramide NP, Hydrogenated Lecthin, Cholesterol, Stearic Acid, Benzyl Alcohol, Ceramide AP, Phytosphingosine, Cl 42090, Callus Culture Lysate, Citric Acid, Sodlum Citrate, Sodlum Benzoate, Tetraacetylphytosphingosine, C 14720, Xanthan Gum, Helichrysum Stoechas Dehydroacetic Add, Sodium Hyaluronate Crosspolymer, Benzaikc Acd, Acada Senegal Gum, Potasium Sorbate, Sorbic Adid, Ceramide EOP, Gycosphingolpics","nU, Agua, Propanediol, C15-19 Aliane, Cety Alcohol, sonony!, Isononanoate, Polygyceryl-10 Dipalmitate, Avena Sativa Kemel Extract, Dipotassium Glycyrrhizinate, Nachamide, Poyglyceryl-6 Disteanate, Squalane, Phenoxyethanol, Polyacrylate Crosspolymer-6, Xyltyiglucoside, Glycery, a, Monostearate, PEG-100 Steenate, Persea Gratissima Oil, Anhydrouyltol, Mars, Saccharide somenate, Glucose, Dsodum EDTA, Butylane Gycol, T-butyl Aichol, L 2hesanediol, Centella Asiatica Leaf Extract, Hydrogenated Polydecene, Persea, Gratssima Fruit Extract, Glycery( Stearate, C 19140, 1,2-Dlhydroxypentane, Cetearyl Alcohol, Ceramide NP, Hydrogenated Lecithin, Cholesterol, Stearic, Acid, Benzyl Alcohol, Ceramide AP, Phytosphingosine, Cl 42090, Callus Culture Lysate, Citric Acid, Sodium Citrate, Sodium Benzoate, Tetraacetylphytosphingosine, CI 14720, Xanthan Gum, Helichrysum Stoechas, Dehydroacetic Add, Sodium Hyaluronate Crosspolymer, Benzaikc Acd, Acada, Senegal Gum, Potassium Sorbate, Sorbic Acid, Ceramide EOP, Gycosphingolpics",997,105,0.4423,0.7143,0.4393,0.6667,15.6781,
original,x105.jpg,labelx105.txt,ok,"Water, Butylene Glycol, Glycerin, Dimethicone, PEG-240/HDI Copolymer Bis-Decyltetradeceth-20 Ether, Silica, Phenoxyethanol, Avena Sativa (Oat) Kernel Extract, Bisabolol, Xanthan Gum, Acrylates/C10-30 Alkyl Acrylate Crosspolymer, Phytosteryl/Octyldodecyl Lauroyl Glutamate, Chlorphenesin, Potassium Hydroxide, Disodium EDTA, Betaine, Punica Granatum (Pomegranate) Seed Oil, Vitis Vinifera (Grape) Seed Oil, Centella Asiatica Extract, Hibiscus Sabdariffa Flower Extract, Sodium Hyaluronate, Aloe Barbadensis Leaf Juice, Fragrance, Maltodextrin, Ethylhexylglycerin, Morus Alba Bark Extract, Cucumis Sativus (Cucumber) Seed Extract, Sodium Benzoate, Potassium Sorbate, Tocopherol","aouwau/ingredients: WATER, BUTYLENE GLYCOL, GLYCERIN, DIMETHICONE, PEG-24G/HDI COPOLYMER BIS-DECYLTETRADECETH-20 ETHER, SILICA, PHENOXYETHANOL, AVENA SATIVA (OAT) KERNEL EXTRACT. BISABOLOLXANTHAN GUM ACRYLATES/C 10-30 ALKYL ACRYLATE CROSSPOLYMER, PHYTOSTERYL/OCTYLDODECYL LAUROYL GLUTAMATE CHLORPHENESIN, POTASSIUM HYDROXIDE, DISODIUM EDTA, BETAINE, PUNICA GRANATUM (POMEGRANATE) SEED OIL, VITIS VINIFERA (GRAPE) SEED OIL, CENTELLA ASIATICA EXTRACT, H IBISCUS SABDARIFFA FLOWER EXTRACT SODIUM HYALURONATE,ALOE BARBADENSIS LEAF JUICE, FRAGRANCE, MALTODEXTRIN, ETHYLHEXYLGLYCERIN MORUS ALBA BARK EXTRACT, CUCUMIS SATIVUS (CUCUMBER)SEED EXTRACT, SODIUM BENZOATE, POTASSIUM LAURATE,TOCOPHEROL, POTASSIUM SORBATE","WATER, BUTYLENE GLYCOL, GLYCERIN, DIMETHICONE, PEG-240/HDI COPOLYMER BIS-DECYLTETRADECETH-20 ETHER, ETHER, SILICA, PHENOXYETHANOL, AVENA SATIVA (OAT) KERNEL, EXTRACT. BISABOLOLXANTHAN GUM, ACRYLATES/C10-30 ALKYL ACRYLATE CROSSPOLYMER, PHYTOSTERYL/OCTYLDODECYL LAUROYL GLUTAMATE, CHLORPHENESIN, POTASSIUM HYDROXIDE, DISODIUM EDTA, BETAINE, PUNICA GRANATUM (POMEGRANATE) SEED, OIL, VITIS VINIFERA (GRAPE) SEED OIL, CENTELLA ASIATICA ROOT EXTRACT, H IBISCUS SABDARIFFA FLOWER EXTRACT, SODIUM HYALURONATE, ALOE BARBADENSIS LEAF JUICE, FRAGRANCE, MALTODEXTRIN, ETHYLHEXYLGLYCERIN, MORUS ALBA BARK EXTRACT, CUCUMIS SATIVUS (CUCUMBER)SEED EXTRACT, SODIUM BENZOATE, POTASSIUM, LAURATE, TOCOPHEROL, POTASSIUM SOYATE",675,72,0.083,0.2639,0.0622,0.2222,17.2184,
original,x106.jpg,labelx106.txt,ok,"Aqua (Water), Dipropylene Glycol, Butylene Glycol, Propanediol, Phenoxyethanol, Chlorphenesin, Panthenol, Acrylates/C10-30 Alkyl Acrylate Crosspolymer, Glycerin, Allantoin, Sodium Hydroxide, Disodium EDTA, Sodium Hyaluronate, Ectoin, Acacia Senegal Gum, Pentylene Glycol, Castanea Sativa (Chestnut) Leaf Extract, 1,2-Hexanediol, Centella Asiatica Leaf Extract, Algin, Caprylyl Glycol, Glyceryl Polyacrylate, Pullulan, Aphanothece Sacrum Polysaccharide, Ethylhexylglycerin, Centella Asiatica Leaf Vesicles","abuus:nou/ing Ud • ua  uoaná  ents: Aqua (Water), Dipropylene Glycol, Butylene Glycol, AyAeeea Sodium Hydraxide, Senegal Gum, Disodium EDTA, Sodium Hyaluronate, Ectoin, Acacia 1,2-He Pentylene Glycol, Castanea Sativa (Chestnut) Leaf Extract, Polyacrylate, Pullulan, nedi a Centella Asiatica Leaf Extract, Algin, Caprylyl Glycol, Glyceryl glycenneicaa Veses Aphanothece Sacrum Polysaccharides, Ethylhexyl-","abuus, nou/ing, Ud, • ua  uoaná, ents, Aqua (Water), Dipropylene Glycol, Butylene Glycol, AyAeeea, Sodium Hydroxide, Senegal Gum, Disodium, EDTA, Sodium Hyaluronate, Ectoin, Acacia, 1,2-He, Pentylene Glycol, Castanea Sativa (Chestnut) Leaf Extract, Polyacrylate, Pullulan, nedi, a, Centella Asiatica Leaf Extract, Algin, Caprylyl Glycol, Glyceryl, glycenneicaa Veses, Aphanothece Sacrum Polysaccharides, Ethylhexyl",504,52,0.4821,0.6154,0.4702,0.6731,11.8278,
original,x107.jpg,labelx107.txt,ok,"Aqua, Butylene Glycol, Niacinamide, Sodium Acrylates Crosspolymer-2, Fomes Officinalis Extract, Sodium Acrylate/Acryloyldimethyl Taurate Copolymer, Phenoxyethanol, Dimethicone, Chlorphenesin, Aesculus Hippocastanum Seed Extract, Faex Extract, Laminaria Japonica Extract, Maltodextrin, Glycerin, Ammonium Glycyrrhizate, Disodium EDTA, Aloe Barbadensis Leaf Juice, Enantia Chlorantha Bark Extract, Pentylene Glycol, Xanthan Gum, Trideceth-6, Panthenol, Propylene Glycol, Zinc Gluconate, PEG/PPG-18/18 Dimethicone, Polyquaternium-51, Kaempferia Parviflora Rhizome Extract, Caffeine, Biosaccharide Gum-1, Lecithin, 1,2-Hexanediol, Zostera Marina Extract, Citric Acid, Caprylyl Glycol, Arbutin, Menthol, Potassium Sorbate, Sodium Benzoate, Biotin, Linseed Acid, Tocopheryl Acetate, Glycine Soja (Soybean) Oil, Sodium Oleate, Oleanolic Acid, Glutathione, Hydrogenated Lecithin, CI 42090, Cyclodextrin, CI 19140, Ascorbyl Palmitate, Sh-Oligopeptide-1","nBu: Aqua, Butylene glycol, Niacinamide, Hamamelis Virginiana Leaf Water, Fomes Officinalis Extract, Sodium Acrylates Crosspolymer-2, Phenoxyethanol, Sodium Acrylate/Acryloyldimethyl Taurate Copolymer, Dimethicone, Chlorphenesin, Aesculus Hippocastanum Seed Extract, Faex Extract, Laminaria Japonica Extract, Maltodextrin, Glycerin, Ammonium Glycyrhizate, Disodium EDTA, Aloe Barbadensis Leaf Juice, Enantia, Chlorantha Bark Extract, Pentylene Glycol, Xanthan Gum, Trideceth-6, Panthenol, Propylene Glycol, Zinc Gluconate, PEG/PPG-18/18 Dimethicone, Polyquatemium-51, Kaempferia Parviflora Rhizome Extract, Caffeine, Biosaccharide Gum-1, Lecithin, 1,2-Hexanediol, Zostera Marina Extract, Citric Acid, Caprytyl Glycol, Arbutin, Menthol, Potassium Sorbate, Sodium Benzoate, Biotin, Linseed Acid, Tocopheryl Acetate, Glycine Soja (Soybean) Oil, Sodium Oleate, Oleanolic Acid, Glutathione, Hydrogenated Lecithin, CI 42090, Cyclodextrin, Cl 19140, Ascorbyl Palmitate, Sh-Oligopeptide-1 5 3ni7","nBu, Aqua, Butylene glycol, Niacinamide, Hamamelis Virginiana, Leaf Water, Fomes Officinalis Extract, Sodium Acrylates Copolymer, Phenoxyethanol, Sodium Acrylate/Acryloyldimethyl Taurate Copolymer, Dimethicone, Chlorphenesin, Aesculus Hippocastanum Seed Extract, Faex, Extract, Laminaria Japonica Extract, Maltodextrin, Glycerin, Ammonium Glycyrhizate, Disodium EDTA, Aloe Barbadensis Leaf Juice, Enantia, Chlorantha Bark Extract, Pentylene Glycol, Xanthan Gum, Trideceth-6, Panthenol, Propylene Glycol, Zinc Gluconate, PEG/PPG-18/18 Dimethicone, Polyquatemium-51, Kaempferia, Parviflora Rhizome Extract, Caffeine, Biosaccharide Gum-1, Lecithin, 1,2-Hexanediol, Zostera Marina Extract, Citric Acid, Caprylyl Glycol, Arbutin, Menthol, Potassium Sorbate, Sodium Benzoate, Biotin, Linseed Acid, Tocopheryl Acetate, Glycine Soja (Soybean) Oil, Sodium Oleate, Oleanolic, Acid, Glutathione, Hydrogenated Lecithin, CI 42090, Cyclodextrin, Cl 19140, Ascorbyl Palmitate, Sh-Oligopeptide-1, 5, 3ni7",943,99,0.1166,0.1717,0.1177,0.202,19.7494,
original,x108.jpg,labelx108.txt,ok,"Water, Propylene Glycol, Niacinamide, Panthenol, Paraffinum Liquidum, Fragrance, Sodium Polyacrylate, Phenoxyethanol, Butylene Glycol, Isopropyl Palmitate, Ethylhexyl Methoxycinnamate, Disodium EDTA, Octocrylene, Xanthan Gum, Ethylhexylglycerin, Morus Alba Root Extract, Glutathione, Polyglyceryl-6 Laurate, Polyglyceryl-10 Oleate, BHT, Chlorphenesin, CI 17200, Sorbitan Palmitate, CI 15510, 3-O-Ethyl Ascorbic Acid, 1,2-Hexanediol, Magnolol, Sodium Hyaluronate, Ascorbyl Propyl Hyaluronate, Ascorbyl Dipropyl Hyaluronate, Dimethylsilanol Hyaluronate, Hydrolyzed Hyaluronic Acid, Hydrolyzed Sodium Hyaluronate, Hydroxypropyltrimonium Hyaluronate, Pentylene Glycol, Potassium Hyaluronate, Propanediol, Sodium Acetylated Hyaluronate, Sodium Benzoate, Sodium Retinoyl Hyaluronate Crosspolymer, Sodium Hyaluronate Crosspolymer, Zinc Hydrolyzed Hyaluronate"," dbuus:nau / INGREDIENTS:     HH,H  e, Propanediol, SActtylated ou: kšulammae","dbuus, nau / INGREDIENTS, HH, H, e, Propanediol, SActtylated, ou, kšulammae",851,83,0.926,0.988,0.9177,0.988,9.3358,
original,x109.jpg,labelx109.txt,ok,"Aqua, Glycerin, Propylene Glycol, Beta-Glucan, Panthenol, Acrylamide/Sodium Acryloyldimethyltaurate Copolymer, Caprylhydroxamic Acid, Ethylhexylglycerin, Phenoxyethanol, Acrylates/C10-30 Alkyl Acrylate Crosspolymer, Hydroxyethylcellulose, Triethanolamine, Xanthan Gum, Sodium Hyaluronate, Hydroxyphenyl Propamidobenzoic Acid, Pearl Extract, Pentylene Glycol, Plankton Extract, PEG-40 Hydrogenated Castor Oil, Argania Spinosa Kernel Extract, Butyrospermum Parkii (Shea Butter) Extract, Camellia Oleifera Seed Extract, Centella Asiatica Extract, Triticum Vulgare (Wheat) Seed Extract, Parfum","[InGrEDIENtS] AQUA, GLYCERIN, PROPYLENE GLYCOL, BETA-GLUCAN, PANTHENOL, ACRYLAMIDE/SODIUM ACRYLOYLDIMETHYLTAURATE COPOLYMER, CAPRYLHYDROXAMIC ACID, ETHYLHEXYLGLYCERIN, PHENOXYETHANOL, ACRYLATES/C10-30 ALKYL ACRYLATE CROSSPOLYMER, HYDROXYETHYLCELLULOSE, TRIETHANOLAMINE, XANTHAN GUM, SODIUM HYALURONATE, HYDROXYPHENYL PROPAMIDOBENZOIC ACID, PEARL EXTRACT, PENTYLENE GLYCOL, PLANKTON EXTRACT, PEG-40 HYDROGENATED CASTOR OIL, ARGANIA SPINOSA KERNEL EXTRACT, BUTYROSPERMUM PARKI (SHEA BUTTER) EXTRACT, CAMELLIA OLEIFERA SEED EXTRACT, CENTELLA ASIATICA EXTRACT, TRITICUM VULGARE (WHEAT) SEED EXTRACT, PARFUM","[InGrEDIENtS] AQUA, GLYCERIN, PROPYLENE GLYCOL, BETA-GLUCAN, PANTHENOL, ACRYLAMIDE/SODIUM ACRYLOYLDIMETHYLTAURATE, COPOLYMER, CAPRYLHYDROXAMIC ACID, ETHYLHEXYLGLYCERIN, PHENOXYETHANOL, ACRYLATES/C10-30 ALKYL ACRYLATE, CROSSPOLYMER, HYDROXYETHYLCELLULOSE, TRIETHANOLAMINE, XANTHAN GUM, SODIUM HYALURONATE, HYDROXYPHENYL, PROPAMIDOBENZOIC ACID, PEARL EXTRACT, PENTYLENE GLYCOL, PLANKTON EXTRACT, PEG-10 HYDROGENATED CASTOR OIL, ARGANIA SPINOSA KERNEL EXTRACT, BUTYROSPERMUM PARKI (SHEA BUTTER) EXTRACT, CAMELLIA OLEIFERA LEAF EXTRACT, CENTELLA ASIATICA ROOT EXTRACT, TRITICUM VULGARE (WHEAT) SEED EXTRACT, PARFUM",589,58,0.0255,0.0345,0.0458,0.1379,16.6772,
original,x11.jpg,labelx11.txt,ok,"Water, Glycereth-26, Glycerin, Dipropylene Glycol, 1,2-Hexanediol, Carbomer, Butylene Glycol, Trehalose, Pentaerythrityl Tetrastearate, Hydrogenated Polyisobutene, Tromethamine, Ethylhexylglycerin, Caprylyl Glycol, Ammonium Acryloyldimethyltaurate/VP Copolymer, Allantoin, Panthenol, Pentylene Glycol, Disodium EDTA, Melaleuca Alternifolia Leaf Oil, Melia Azadirachta Leaf Extract, Sodium Hyaluronate, Hydroxyacetophenone, Melia Azadirachta Flower Extract, Coccinia Indica Fruit Extract, Solanum Melongena Fruit Extract, Amber Powder, Centella Asiatica Extract, Curcuma Longa Root Extract, Ocimum Sanctum Leaf Extract, Moringa Oleifera Seed Oil, Madecassoside, Corallina Officinalis Extract, Centella Asiatica Leaf Extract, Asiaticoside","Ingredients / aouus:nou : WATER, GLYCERETH-26, GLYCERIN, DIPROPYLENE GLYCOL, 1.2-HEXANEDIOL, CARBOMER, BUTYLENE GLYCOL, TREHALOSE, PENTAERYTHRITYL TETRAISOSTEARATE, HYDROGENATED POLYISOBUTENE. TROMETHAMINE, ETHYLHEXYLGLYCERIN, CAPRYLYL GLYCOL AMMONIUM ACRYLOYLDIMETHYLTAURATE/NP COPOLYMER, ALLANTOIN, PANTHENOL PENTYLENE GLYCOL, DISODIUM EDTA, MELALEUCA ALTERNIFOLIA LEAF OIL, MELIA AZADIRACHTA LEAF EXTRACT, SODIUM HYALURONATE, HYDROXYACETOPHENONE, MELIA AZADIRACHTA FLOWER EXTRACT, COCCINIA INDICA FRUIT EXTRACT, SOLANUM MELONGENA FRUIT EXTRACT, AMBER POWDER, CENTELLA ASIATICA EXTRACT, CURCUMA LONGA ROOT EXTRACT. OCIMUM SANCTUM LEAF EXTRACT, MORINGA OLEIFERA SEED OIL, MADECASSOSIDE, CORALLINA OFFICINALIS EXTRACT, CENTELLA ASIATICA LEAF EXTRACT, ASIATICOSIDE.","nou, WATER, GLYCERETH-26, GLYCERIN, DIPROPYLENE GLYCOL, 1.2-HEXANEDIOL, CARBOMER, BUTYLENE, GLYCOL, TREHALOSE, PENTAERYTHRITYL TETRAISOSTEARATE, HYDROGENATED POLYBUTENE, TROMETHAMINE, ETHYLHEXYLGLYCERIN, CAPRYLYL GLYCOL AMMONIUM ACRYLOYLDIMETHYLTAURATE/NP, COPOLYMER, ALLANTOIN, PANTHENOL PENTYLENE GLYCOL, DISODIUM EDTA, MELALEUCA ALTERNIFOLIA, LEAF OIL, MELIA AZADIRACHTA LEAF EXTRACT, SODIUM HYALURONATE, HYDROXYACETOPHENONE, MELIA AZADIRACHTA FLOWER EXTRACT, COCCINIA INDICA FRUIT EXTRACT, SOLANUM MELONGENA, FRUIT EXTRACT, AMBER POWDER, CENTELLA ASIATICA ROOT EXTRACT, CURCUMA LONGA ROOT EXTRACT, OCIMUM SANCTUM LEAF EXTRACT, ORBIGNYA OLEIFERA SEED OIL, MADECASSOSIDE, CORALLINA, OFFICINALIS EXTRACT, CENTELLA ASIATICA LEAF CELL EXTRACT, ASIATICOSIDE",736,76,0.0489,0.1579,0.0462,0.1842,15.1433,
original,x110.jpg,labelx110.txt,ok,"Water, Glycerin, Dimethicone, Cyclopentasiloxane, Butylene Glycol, Polymethylsilsesquioxane, Simmondsia Chinensis Seed Oil, Lauryl PEG-10 Tris(Trimethylsiloxy)Silylethyl Dimethicone, Sodium Chloride, Isopentyldiol, Octyldodecanol, Dimethicone/PEG-10/15 Crosspolymer, Panthenol, Aloe Barbadensis Leaf Juice, Dimethicone Crosspolymer, Bisabolol, Fragrance, Polysilicone-11, Sodium Hyaluronate, Hydrolyzed Hyaluronic Acid, Echium Plantagineum Seed Oil, Polyglyceryl-10 Diisostearate, Polyglyceryl-10 Laurate, Helianthus Annuus Seed Oil Unsaponifiables, Cardiospermum Halicacabum Flower/Leaf/Vine Extract, Sodium Polyglutamate, Tocopherol, Salicylic Acid, Amylopectin, Dextrin, Niacinamide, Xanthan Gum, Camellia Sinensis Leaf Extract, Zinc PCA, Gluconolactone, Lactococcus Ferment Lysate, Propylene Glycol, Betaine, Magnesium Aspartate, Zinc Gluconate, Tromethamine, Copper Gluconate, Sodium Benzoate, Phenoxyethanol, Chlorphenesin","Ingredients / adbuusnou: WATER GLYCERIN DIMETHICONE CYCLOPINTASLOKANE BUTYLENE GLYCOL POLYMETHYLSILSESQUIOXANE SIMMONDSIA CHINENSIS SEED OL LAURYL PEG-10 THIS(TRIMETHYLSILOXYISILYLETHYL DIMETHICONE. SODIUM CHLORIDE. ISOPENTYLDIOL OCTYLDODECANOL DIMETHICONE/PEG-10/15 CROSSPOLYMER. PANTHENOL ALOE BARBADENSIS LEAF JUICE DIMETHICONE CROSSPOLYMER, BISABOLOL FRAGRANCE POLYSILCONE- SODIU HYALRONATE, HYDROLYZED HYALURONIC ACID,ECHIUM PLANTAGINEUM SEEDOL POLYGLYCERYL-10 DSOSTEARATE POLYGLYCERYL-0 LAURATE, HELIANTHUS ANNUUS SEED OIL UNSAPONIFIABLES. CARDIOSPERMUM HALICACABUM FLOWER/LEAF/VINE EXTRACT, SODIUM POLYGLUTAMATE, TOCOPHEROL SALICYUC ACID. AMYLOPECTIN DEXTRIN, NIACINAMIDE. XANTHAN GUM CAMELA SINENSIS LEAF EXTRACT, ZIC PCA LNOLACTONE, LACTOCOCUS FERMENT LYSATE PROPYLENE GLYOOL BETANE MAGNESIUM ASPARTATE ZINC GLUCONATE, TROMETHAMINE, COPPER GLUCONATE. SODIUM BENZOATE. PHENOXYETHANOL CHLORPHENESIN.","WATER GLYCERIN DIMETHICONE CYCLOPINTASLOKANE BUTYLENE GLYCOL POLYMETHYLSILSESQUIOXANE, SIMMONDSIA CHINENSIS SEED OL LAURYL PEG-10 THIS(TRIMETHYLSILOXYISILYLETHYL DIMETHICONE, SODIUM CHLORIDE. ISOPENTYLDIOL OCTYLDODECANOL DIMETHICONE/PEG-10/15 CROSSPOLYMER, PANTHENOL ALOE BARBADENSIS LEAF JUICE DIMETHICONE CROSSPOLYMER, BISABOLOL FRAGRANCE, POLYSILCONE- SODIU HYALRONATE, HYDROLYZED HYALURONIC ACID, ECHIUM PLANTAGINEUM, SEEDOL POLYGLYCERYL-10 DSOSTEARATE POLYGLYCERYL-0 LAURATE, HELIANTHUS ANNUUS SEED, OIL UNSAPONIFIABLES. CARDIOSPERMUM HALICACABUM FLOWER/LEAF/VINE EXTRACT, SODIUM, POLYGLUTAMATE, TOCOPHEROL SALICYUC ACID. AMYLOPECTIN DEXTRIN, NIACINAMIDE. XANTHAN GUM, CEDRELA SINENSIS LEAF EXTRACT, ZIC PCA LNOLACTONE, LACTOCOCCUS FERMENT LYSATE, PROPYLENE GLYOOL BETANE MAGNESIUM ASPARTATE ZINC GLUCONATE, TROMETHAMINE, COPPER, GLUCONATE. SODIUM BENZOATE. PHENOXYETHANOL CHLORPHENESIN",928,87,0.0948,0.5632,0.0657,0.4598,15.7353,
original,x111.jpg,labelx111.txt,ok,"Deionized Water, Isododecane, Niacinamide, Propanediol, Polyglyceryl-2 Stearate, Dimethicone, Sodium Hyaluronate Crosspolymer, Triethanolamine, Butylene Glycol, 2-Phenoxyethanol, Carbomer, PEG-40 Hydrogenated Castor Oil, Trideceth-9, Allantoin, Perfume, Chlorphenesin, Glycerine, Centella Asiatica Extract, Hydrolyzed Sodium Hyaluronate, Sodium Hyaluronate, Magnesium Ascorbyl Phosphate, Hydrolyzed Algin, Disodium EDTA, Propylene Glycol, Polygonum Cuspidatum Root Extract, Scutellaria Baicalensis Root Extract, Camellia Sinensis Leaf Extract, Glycyrrhiza Glabra Root Extract, Xanthan Gum, Chamomilla Recutita Flower Extract, Rosmarinus Officinalis Leaf Extract, Atelocollagen, Sodium Chondroitin Sulfate, Polysorbate 20, Saccharide Isomerate, Lecithin, Hexanoyl Dipeptide-3 Norleucine Acetate","OUUS:NOU : DEIONIZED WATER, ISODODECANE, NIACINAMIDE, PROPANEDIOL, POLYGLYCERYL-2 STEARATE DIMETHICONE, SODIUM HYALURONATE CROSSPOLYMER, GLYCERYL STEARATE, STEARYL ALCOHOL, TRIETHANOLAMINE, BUTYLENE GLYCOL, 2-PHENOXYETHANOL CARBOMER, PEG-40 HYDROGENATED CASTOR OIL, TRIDECETH-9, ALLANTOIN, PERFUME, CHLORPHENESIN, GLYCERINE, CENTELLA ASIATICA EXTRACT, HYDROLYZED SODIUMHYALURONATE,SODIUMHYALURONATE,MAGNESIUMASCORBYLPHOSPHATE,HYDROLYZED ALGIN, DISODIUM EDTA, PROPYLENE GLYCOL, POLYGONUM CUSPIDATUM ROOT EXTRACT, SCUTELLARIA BAICALENSIS ROOT EXTRACT, CAMELLIA SINENSIS LEAF EXTRACT, GLYCYRRHIZA GLABRA ROOT EXTRACT, XANTHAN GUM, CHAMOMILLA RECUTITA FLOWER EXTRACT, ROSMARINUS OFFICINALIS LEAF EXTRACT, ATELOCOLLAGEN, SODIUM CHONDROITIN SULFATE, POLYSORBATE 20, SACCHARIDE ISOMERATE, LECITHIN. HEXANOYL DIPEPTIDE-3 NORLEUCINE ACETATE","OUUS, NOU, DEIONIZED WATER, ISODODECANE, NIACINAMIDE, PROPANEDIOL, POLYGLYCERYL-6 STEARATE, DIMETHICONE, SODIUM HYALURONATE CROSSPOLYMER, GLYCERYL STEARATE, STEARYL ALCOHOL, TRIETHANOLAMINE, BUTYLENE GLYCOL, 2-PHENOXYETHANOL CARBOMER, PEG-40 HYDROGENATED CASTOR, OIL, TRIDECETH-9, ALLANTOIN, PERFUME, CHLORPHENESIN, GLYCERINE, CENTELLA ASIATICA ROOT EXTRACT, HYDROLYZED SODIUM HYALURONATE, SODIUM HYALURONATE, MAGNESIUM ASCORBYL PHOSPHATE, HYDROLYZED, ALGIN, DISODIUM EDTA, PROPYLENE GLYCOL, POLYGONUM CUSPIDATUM ROOT EXTRACT, SCUTELLARIA, BAICALENSIS ROOT EXTRACT, CAMELLIA SINENSIS LEAF CELL EXTRACT, GLYCYRRHIZA GLABRA ROOT EXTRACT, XANTHAN GUM, CHAMOMILLA RECUTITA FLOWER EXTRACT, ROSMARINUS OFFICINALIS LEAF EXTRACT, ATELOCOLLAGEN, SODIUM CHONDROITIN SULFATE, POLYSORBATE 20, SACCHARIDE ISOMERATE, LECITHIN, HEXANOYL DIPEPTIDE-3 NORLEUCINE ACETATE",793,81,0.0719,0.2099,0.0782,0.1605,19.9129,
original,x112.jpg,labelx112.txt,ok,"Aqua, Niacinamide, Glycerin, Propylene Glycol, Phenoxyethanol, Aloe Barbadensis Leaf Juice Powder, Carbomer, Triethanolamine, Chlorphenesin, Allantoin, Disodium EDTA, Polysorbate 20, Mannitol, Xanthan Gum, Cellulose, Tetrahydrodiferuloylmethane, Fragrance, Alpha-Arbutin, Dipotassium Glycyrrhizate, CI 77492, Tocopherol, Glutathione, Hydroxypropyl Methylcellulose, Sodium Glycyrrhizate, Citrus Sinensis Leaf Extract, Citrus Aurantium Dulcis Fruit Extract, CI 19140, Citrus Limon Fruit Extract, Pyrus Malus Fruit Extract, Saccharum Officinarum Extract, Menthol, Methyl Ubiquinone, Ethyl Menthane Carboxamide, Hydroxypropylcellulose, CI 42090, Acrylates Copolymer, Oligopeptide-1", 4 IDWOUOUUNIIWJ70 A    RR LEY  wevriluliuwa:10-1-6100009377 510:,"4, IDWOUOUUNIIWJ70, A, RR, LEY, wevriluliuwa, 10-1-6100009377, 510",677,70,0.9468,1.0,0.9365,1.0,10.9652,
original,x113.jpg,labelx113.txt,ok,"Aqua (Water), Ethylhexyl Methoxycinnamate, Niacinamide, Isododecane, Neopentyl Glycol Diheptanoate, Methylene Bis-Benzotriazolyl Tetramethylbutylphenol (Nano), Propylene Glycol, Potassium Cetyl Phosphate, Benzophenone-3, Octocrylene, Butyl Methoxydibenzoylmethane, Triethanolamine, Glycerin, Isoamyl p-Methoxycinnamate, Bakuchiol, Decyl Glucoside, Chlorphenesin, Acrylates/C10-30 Alkyl Acrylate Crosspolymer, Triethylene Glycol, Disodium EDTA, Xanthan Gum, Tocopheryl Acetate, 1,2-Hexanediol, Biosaccharide Gum-4, Caprylyl Glycol, Glucose, Sodium Hyaluronate, Chondrus Crispus Extract, Hydroxypropyltrimonium Hyaluronate, Sodium Acetylated Hyaluronate, Hydrolyzed Hyaluronic Acid, Hyaluronic Acid, Sodium Hyaluronate Crosspolymer, Hydrolyzed Sodium Hyaluronate, Potassium Hyaluronate, Phenoxyethanol, Cetearyl Alcohol, Butylene Glycol","aOUUsnoU (INGREDIENTS): Aqua (Water), Ethyihexyl Methoxycinnamate, Niacinamide, Isododecane, Neopentyl Glycol Diheptanoate, Methylene Bis-Benzotriazolyl Tetramethylbutyiphenol (Nano), Propylene Glycol, Potassium Cetyl Phosphate, Benzophenone-3, Octocrylene, Butyl Methoxydibenzoylmethane, Triethanolamine, Glycerin, Isoamyl p-Methoxycinnamate, Bakuchiol, Decyl Glucoside, Chiorphenesin, Acrylates/C10-30 Alkyl Acrylate Crosspolymer, Triethylene Glycol, Disodium EDTA, Xanthan Gum, Tocophery Acetate, 1,2-Hexanediol, Biosaccharide Gum-4, Caprylyl Glycol, Glucose, Sodium Hyaluronate, Chondrus Crispus Extract, Hydroxypropyitrimonium Hyaluronate, Sodium Acetylated Hyaluronate, Hydrolyzed Hyaluronic Acid, Hyaluronic Acid, Sodium Hyaluronate Crosspolymer, Hydrolyzed Sodium Hyaluronate, Potassium Hyaluronate, Phenoxyethanol, Cetearyl Alcohol, Butylene Glycol fioou：","Aqua (Water), Ethyihexyl Methoxycinnamate, Niacinamide, Isododecane, Neopentyl Glycol Diheptanoate, Methylene Bis-Benzotriazolyl Tetramethylbutylphenol (Nano), Propylene, Glycol, Potassium Cetyl Phosphate, Benzophenone-3, Octocrylene, Butyl Methoxydibenzoylmethane, Triethanolamine, Glycerin, Isoamyl p-Methoxycinnamate, Bakuchiol, Decyl Glucoside, Chlorphenesin, Acrylates/C10-30 Alkyl Acrylate Crosspolymer, Triethylene Glycol, Disodium EDTA, Xanthan Gum, Tocophery Acetate, 1,2-Hexanediol, Biosaccharide Gum-4, Caprylyl Glycol, Glucose, Sodium Hyaluronate, Chondrus Crispus Extract, Hydroxypropyitrimonium Hyaluronate, Sodium Acetylated Hyaluronate, Hydrolyzed Hyaluronic Acid, Hyaluronic Acid, Sodium Hyaluronate Crosspolymer, Hydrolyzed Sodium, Hyaluronate, Potassium Hyaluronate, Phenoxyethanol, Cetearyl Alcohol, Butylene Glycol, fioou",834,76,0.0432,0.1053,0.0144,0.0921,18.2682,
original,x114.jpg,labelx114.txt,ok,"Aqua, Arbutin, Butylene Glycol, Raphanus Sativus Root Extract, Phenoxyethanol, Tocopherol, C13-14 Isoparaffin, Chlorphenesin, Allantoin, Ascorbyl Tetraisopalmitate, C9-11 Pareth-6, Fragrance, Disodium EDTA, Sodium Hyaluronate, Propylene Glycol, Collagen, Ubidecarenone, Polyacrylamide","/Igrd:u r Bu aunuamWoidanna T AscoTeraopamae,C9-11Paeh-6,Fragrae,DsmEDTA,Sdum Hyaluronate,Propylene Glycol, Collagen,Ubidecarenone,Polyacrylamide","/Igrd, u r Bu, aunuamWoidanna, T, AscoTeraopamae, C9-11Paeh-6, Fragrae, DsmEDTA, Sdum, Hyaluronate, Propylene Glycol, Collagen, Ubidecarenone, Polyacrylamide",284,28,0.5317,0.9643,0.4965,0.7857,6.2811,
original,x115.jpg,labelx115.txt,ok,"WATER, ETHYLHEXYL METHOXYCINNAMATE, ETHYLHEXYL SALICYLATE, BIS-ETHYLHEXYLOXYPHENOL METHOXYPHENYL TRIAZINE, CYCLOPENTASILOXANE, PROPANEDIOL, TETRAMETHYLBUTYLPHENOL (NANO), BUTYLOCTYL SALICYLATE, METHYLENE BIS-BENZOTRIAZOLYL TETRAMETHYLBUTYLPHENOL, DISODIUM EDTA, TITANIUM DIOXIDE, CAPRYLYL GLYCOL, GLYCERYL STEARATE, SALIX ALBA BARK EXTRACT, POLYMETHYLSILSESQUIOXANE, PEG-9 STEARATE, DIMETHICONE, CETEARYL ALCOHOL, ALLANTOIN, PROPYLENE GLYCOL, ADENOSINE, DECYL GLUCOSIDE, ETHYLHEXYLGLYCERIN, 1,2-HEXANEDIOL, SODIUM LAUROYL LACTYLATE, XANTHAN GUM, CURCUMA AROMATICA ROOT EXTRACT, CENTELLA ASIATICA LEAF EXTRACT, SILICA, ZINGIBER MONTANUM (GINGER) RHIZOME EXTRACT, CHLORPHENESIN","SOUUnUhVU/INGREDIENTS: WATER ETHYLHEXYL METHCAYCINNAMATE, ETHYUHEXYL SALICYLATE BIS-ETHYHEXYLOIYPHENOL METHOAYPHENYL TRIAZINE, CYCLOPENTASILOXANE PROPANEDIOL METHYLENE BIS-BENZOTRIAZOLYL TETAMETHYUBUTYUPHENOL INANCL BUTYLOCTYL SAUCYLATE BUTYLENE GLYOOL CETYL ALOOHOL GLYCERYL STEARATE METHYL METHACRYLATE CROSSPOLYMER SALIX ALBA BARK EXTRACT POLYMETHYLSLSESQUICKANE, PEG-I STEARATE, DIMETHICONE, CETEARETH-IAL DECYL GLUCOSIDE ALLANTOIN, PROPYLENE GLYCOL ACRLATES/C10-30 ALKYL ACRYLATE CROSSPOLYMER, ETHYLHEXYLGLYCERIN, DISODIUM EDTA 12-HEXANEDIOL SODIUM LAUROYL LACTYLATE TOCOPHERYE ACETATE, SODILIM HYDRCKIDE CENTELLA ASIATICA LEAF EXTRACT, XANTHAN GUM CURCUMA AROMATICA ROOT EXTRACT. CURCLUMA LONGA (TURMERICI EXTRACT, CERAMIDE NP. SUCA ZINGBER MONTANLM EXTRACT, PHENOKYETHANOL CAESALPINA SPINOSA FRLIT POD EXTRACT SCOIUM DNA, HELIANTHUS ANNUUS SPROUT EXTRACT, SODIUM BENZOATE, CERAMIDE EOP, CERAMIDE AP, CHOLESTEROL, PHYTOSPHINGOSINE, CARBOMER CENTELLA ASIATICA EXTRACT CENTELLA ASIATICA LEAF VESICLES","WATER ETHYLHEXYL METHCAYCINNAMATE, ETHYUHEXYL SALICYLATE BIS-ETHYHEXYLOIYPHENOL, METHOAYPHENYL TRIAZINE, CYCLOPENTASILOXANE PROPANEDIOL METHYLENE BIS-BENZOTRIAZOLYL, TETAMETHYUBUTYUPHENOL INANCL BUTYLOCTYL SAUCYLATE BUTYLENE GLYOOL CETYL ALOOHOL, GLYCERYL STEARATE METHYL METHACRYLATE CROSSPOLYMER SALIX ALBA BARK EXTRACT, POLYMETHYLSLSESQUICKANE, PEG-I STEARATE, DIMETHICONE, CETEARETH-IAL DECYL GLUCOSIDE, ALLANTOIN, PROPYLENE GLYCOL ACRLATES/C10-30 ALKYL ACRYLATE CROSSPOLYMER, ETHYLHEXYLGLYCERIN, DISODIUM EDTA 12-HEXANEDIOL SODIUM LAUROYL LACTYLATE, TOCOPHERYL ACETATE, SODILIM HYDRCKIDE CENTELLA ASIATICA LEAF EXTRACT, XANTHAN GUM, CURCUMA AROMATICA ROOT EXTRACT. CURCLUMA LONGA (TURMERICI EXTRACT, CERAMIDE NG, SUCA ZINGBER MONTANLM EXTRACT, PHENOKYETHANOL CAESALPINA SPINOSA FRLIT POD EXTRACT, SCOIUM DNA, HELIANTHUS ANNUUS SPROUT EXTRACT, SODIUM BENZOATE, CERAMIDE EOP, CERAMIDE AP, CHOLESTEROL, PHYTOSPHINGOSINE, CARBOMER CENTELLA ASIATICA EXTRACT, CENTELLA ASIATICA LEAF VESICLES",675,63,0.8178,1.3333,0.7852,1.2698,23.1279,
original,x116.jpg,labelx116.txt,ok,"Water, Niacinamide, Rosa Damascena Flower Water, Glycerin, Propylene Glycol, Trehalose, Phenoxyethanol, Avena Sativa Bran Extract, Carbomer, Triethanolamine, Butylene Glycol, Allantoin, Disodium EDTA, Titanium Dioxide, Caprylyl Glycol, Tetrahydroxypropyl Ethylenediamine, PEG-40 Hydrogenated Castor Oil, Xanthan Gum, 1,2-Hexanediol, Melissa Officinalis Extract, Pentylene Glycol, Citrus Reticulata Peel Extract, Hydroxyethyl Phosphatidylcholine, Sodium Hyaluronate, Hydrolyzed Hyaluronic Acid, Squalane, Cetyl Alcohol, Ethyl Linoleate, Ziziphus Spina-Christi Leaf Extract, Coco-Glucoside, Hesperidin, Citric Acid, Ceramide NP, Sodium Benzoate, Glycosaminoglycans, Nicotiana Benthamiana Hexapeptide-40, Polypeptide-17","胶 T   Officinalia Extract, Phosphatidyicholine.  Pentylene Glycol, Citrus Reticulata Peel Extract, Polyethylene Glycol 400. CetylAlchol, hyt Linoleate ahua Spine-Chnatieet ctu  Sodium Hyaiuronate, Hydrolyzed Hyaluronic Acid, Squalene, Hespend,Ctri Aci, Sdium Acetylated Haronae Ceramide NP, Sodum Bene Glycosaminoglycan Nicotlana Benthamiana Hexapeptide-40 sh-Polypeptide-47","胶, T, Officinalia Extract, Phosphatidyicholine, Pentylene Glycol, Citrus Reticulata Peel Extract, Polyethylene Glycol 400, CetylAlchol, hyt Linoleate ahua Spine-Chnatieet ctu, Sodium Hyaiuronate, Hydrolyzed Hyaluronic Acid, Squalene, Hespend, Ctri Aci, Sdium Acetylated Haronae Ceramide NP, Sodum Bene, Glycosaminoglycan Nicotlana Benthamiana Hexapeptide-40 sh-Polypeptide-47",716,73,0.6159,0.863,0.6103,0.8767,12.0003,
original,x117.jpg,labelx117.txt,ok,"Aqua, Propanediol, Niacinamide, Glycerin, Caprylic/Capric Triglyceride, Butylene Glycol, Panthenol, Phenoxyethanol, Sodium Polyacryloyldimethyl Taurate, Saccharide Isomerate, Arginine, Carbomer, Isohexadecane, Bisabolol, Xylitylglucoside, Dendrobium Officinale Stem Extract, Sparassis Crispa Extract, Anhydroxylitol, Polysorbate 20, Ethylhexylglycerin, Pentylene Glycol, Hamamelis Virginiana Water, 1,2-Hexanediol, Nymphaea Chalong Kwan Flower Extract, Maltodextrin, PEG-7 Glyceryl Cocoate, Xylitol, Disodium EDTA, Glycerol, Polyquaternium-51, Aloe Barbadensis Leaf Juice, Glucose, Laminaria Digitata Extract, Dipotassium Glycyrrhizate, Sodium Hyaluronate, Hydrogenated Lecithin, Opuntia Ficus-Indica Stem Extract, Asiaticoside, Madecassic Acid, Asiatic Acid, Glycine, Citric Acid, Sodium Citrate, Serine, Glutamic Acid, Cetyl-PG Hydroxyethyl Palmitamide, Ceramide EOP, Ceramide NG, Ceramide NP, Ceramide AS, Ceramide AP, Cholesterol, Aspartic Acid, Leucine, Sodium DNA, Centella Asiatica Extract, Sodium Benzoate, Alanine, Lysine, Tyrosine, Phenylalanine, Threonine, Proline, Valine, Benzoic Acid, Isoleucine, Histidine","Aqua, Propanediol, Nacinamide, Gycerin, Caprytic/Capric Trigtyceride, Butylene Glycol, Panthenol, Phenoxyethanol, Sodium Polyacryloyidimethyl Taurate, Saccharide Isomerate, Arginine, Carbomer, Isohexadecane, Bisabolol, Xylitylglucoside, Dendrobium OffAcinale Stem Extract, Sparassis Crispa Extract, Anhydroxylitol, Polysorbate 20, Ethylhexylglycerin, Pentylene Glycol, Hamamelis Virginiana Water, 1,2-Hexanediol, Nympheea Chalong Kwan Flower Extract, Maltodextrin, PEG-7 Glyceryl Cocoate, Xylitol, Disodium EDTA, Glycerol, Polyquaternium-51, Aloe Barbadensis Leaf Juice, Glucose, Laminaria Digitata Extract, Dipotassium Glycyrhizinate, Sodium Hyaluronate, Hydrogenated Lecithin, Opuntia Ficus-Indica Stem Extract, Aslaticoside, Madecassic Acid, Asiatic Acid, Glycine, Citric Acid, Sodium Citrate, Serine, Glutamic Acid, Cetyl-PG Hydroxyethyl Palmitamide, Ceramide EOP, Ceramide NG, Ceramide NP, Ceramide AS, Ceramide AP, Cholesterol, Aspartic Acid, Leucine, Sodium DNA, Centella Asiatica Extract, Sodium Benzoate, Alanine, Lysine, Tyrosine, Phenylalanine, Threonine, Proline, Valine, Benzoic Acid, Isoleucine, Histidine 5317","Aqua, Propanediol, Niacinamide, Glycerin, Caprylic/Capric Triglyceride, Butylene Glycol, Panthenol, Phenoxyethanol, Sodium Polyacryloyidimethyl Taurate, Saccharide Isomerate, Arginine, Carbomer, Isohexadecane, Bisabolol, Xylitylglucoside, Dendrobium OffAcinale Stem Extract, Sparassis Crispa Extract, Anhydroxylitol, Polysorbate 20, Ethylhexylglycerin, Pentylene Glycol, Hamamelis Virginiana Water, 1,2-Hexanediol, Nympheea Chalong Kwan Flower Extract, Maltodextrin, PEG-7 Glyceryl Cocoate, Xylitol, Disodium EDTA, Glycerol, Polyquaternium-51, Aloe Barbadensis Leaf Juice, Glucose, Laminaria Digitata Extract, Dipotassium Glycyrrhizinate, Sodium Hyaluronate, Hydrogenated Lecithin, Opuntia Ficus-Indica Stem Extract, Asiaticoside, Madecassic Acid, Asiatic Acid, Glycine, Citric Acid, Sodium Citrate, Serine, Glutamic Acid, Cetyl-PG Hydroxyethyl Palmitamide, Ceramide EOP, Ceramide NP, Ceramide NP, Ceramide AS, Ceramide AP, Cholesterol, Aspartic Acid, Leucine, Sodium DNA, Centella Asiatica Extract, Sodium Benzoate, Alanine, Lysine, Tyrosine, Phenylalanine, Threonine, Proline, Valine, Benzoic Acid, Isoleucine, Histidine, 5317",1120,117,0.0143,0.0855,0.0107,0.0598,23.0817,
original,x118.jpg,labelx118.txt,ok,"Water, Glycerin, Dimethicone, Butylene Glycol, Dipropylene Glycol, Phenoxyethanol, Saccharide Isomerate, Niacinamide, Carbomer, Chlorphenesin, Disodium EDTA, Panthenol, PPG-5-Deceth-30, Potassium Hydroxide, Xanthan Gum, PEG-14M, Sodium Hyaluronate, Fragrance, 3-O-Ethyl Ascorbic Acid, Aloe Barbadensis Leaf Juice, Maltodextrin, Citric Acid, Sodium Citrate, Prunus Yedoensis Leaf Extract, Hydrolyzed Collagen, 1,2-Hexanediol, Terminalia Ferdinandiana Fruit Extract, Cystoseira Tamariscifolia Extract, Potassium Sorbate, Sodium Benzoate, Caprylyl Glycol, Citrus Junos Fruit Extract, Cynara Scolymus (Artichoke) Leaf Extract, Citrus Aurantium Bergamia (Bergamot) Fruit Extract, Hibiscus Esculentus Fruit Extract, Houttuynia Cordata Extract, Hyaluronic Acid, Hydrolyzed Sodium Hyaluronate, Hydroxypropyltrisilamine Hyaluronate, Oenothera Biennis (Evening Primrose) Seed Extract, Pullulan, Angelica Gigas Root Extract, Aralia Continentalis Root Extract, Pueraria Lobata Root Extract, Potassium Hyaluronate, Prunus Persica (Peach) Leaf Extract, Retinyl Palmitate, Phyllostachys Bambusoides Leaf/Stem Extract, Asparagus Officinalis Stem Extract, Artemisia Princeps Leaf Extract, Sodium Acetylated Hyaluronate, Sodium Hyaluronate Crosspolymer","abuus:nau/Ingredients: WATER GLYCERIN, DIMETHICONE BUTYLENE GILYOOL DUPROPYLENE GLYOOL, PHENOIXYETHANOL SACCHARIDE ISOMERATE, HACINAWIDE CARBOMER CHLORPHENESIN, DISODIUM EDTA PANTHENOL PPG-6-DECYLTETRADECETH-30, POTASSIUM HYDRODXIDE, XANTHAN GUM PEG-14M BODIUM HYALURONATE, FRAGRANCE, 3-O-ETHY. ASOORBIC ACID, ALOE PARBADENSIS LEAF JUICE, MALTODETRIN, CRIC AD, SOL CITRATE, PRUNUS YEOES LEAF ETRACT, HYOROLYZED COLLAGEN, 1.2 HEXANEDIOL TERMINALIA FERDINANDIAHA FRUIT EXTRACT, CYSTOSEITA TAWRSOIFOLUA EXIRACT, POTASSILIM SORBATE, SODIUM BBNZOATE CAPRYIDL GLYCOL PANCHATIUM MARITIMUM EXTRACT, ALGAE EXTRACT, CHONORUS CRISPUS EXTRACT, ITRUS JUNOS FRUIT EXTRACT CYNARA SOOLYMUS IARTICHOKE LEAF EXTRACT, GLUODSE, HEIBOUS ESCULDNTUS TRUIT DXTRACT, HOUFTUYNA COHDATA EXTRACT NYRURONIC ADD HYDHOLYZED HYALURONIC ACID, HYDROLYZED SODIUM HYALURONATE, HYDRCDYPROPYLTRIMONUM HYALURONATE OENOTHERA BIENNS (EVDNING PRMHOGED BEED EXTRACT, PHELLODENDRION 8 AMURENSE BARK EXTTRACT, POTASSIUM HYALURONATE PRUNUS PERSICA PEADHA LEA EXTRACT, REHMANNACHINENSIS ROOT EXITRACT, SODIUM ACETYLATED T PLUFRONATE, SODUMHYALURIONATE CRDSSPOLYMER","abuus, nau/Ingredients, WATER GLYCERIN, DIMETHICONE BUTYLENE GILYOOL DUPROPYLENE GLYOOL, PHENOIXYETHANOL, SACCHARIDE ISOMERATE, HACINAWIDE CARBOMER CHLORPHENESIN, DISODIUM EDTA PANTHENOL, PPG-6-DECYLTETRADECETH-30, POTASSIUM HYDRODXIDE, XANTHAN GUM PEG-14M BODIUM, HYALURONATE, FRAGRANCE, 3-O-ETHY. ASOORBIC ACID, ALOE PARBADENSIS LEAF JUICE, MALTODETRIN, CRIC AD, SOL CITRATE, PRUNUS YEDOENSIS LEAF EXTRACT, HYOROLYZED, COLLAGEN, 1.2 HEXANEDIOL TERMINALIA FERDINANDIAHA FRUIT EXTRACT, CYSTOSEITA, TAWRSOIFOLUA EXIRACT, POTASSILIM SORBATE, SODIUM BBNZOATE CAPRYIDL GLYCOL, PANCHATIUM MARITIMUM EXTRACT, ALGAE EXTRACT, CHONORUS CRISPUS EXTRACT, ITRUS, JUNOS FRUIT EXTRACT CYNARA SOOLYMUS IARTICHOKE LEAF EXTRACT, GLUODSE, HEIBOUS, ESCULDNTUS TRUIT DXTRACT, HOUFTUYNA COHDATA EXTRACT NYRURONIC ADD HYDHOLYZED, HYALURONIC ACID, HYDROLYZED SODIUM HYALURONATE, HYDRCDYPROPYLTRIMONUM, HYALURONATE OENOTHERA BIENNS (EVDNING PRMHOGED BEED EXTRACT, PHELLODENDRION, 8, AMURENSE BARK EXTTRACT, POTASSIUM HYALURONATE PRUNUS PERSICA PEADHA LEA, EXTRACT, REHMANNIA CHINENSIS ROOT EXTRACT, SODIUM ACETYLATED T PLUFRONATE, SODIUM HYALURONATE CROSSPOLYMER",1234,132,0.3549,0.7652,0.3493,0.7197,21.4833,
original,x119.jpg,labelx119.txt,ok,"Aqua, Propanediol, Niacinamide, Carbomer, Triethanolamine, Butylene Glycol, Dipotassium Glycyrrhizate, Glycerin, Aloe Barbadensis Leaf Extract, Glycolic Acid, Mannitol, Allantoin, Alpha-Arbutin, Disodium EDTA, Sodium Tripolyphosphate, Saccharum Officinarum Extract, Dimocarpus Longan Fruit Extract, Cellulose, Honey Extract, Yeast Ferment Extract, 1,2-Hexanediol, Caprylyl 2-Glyceryl Ascorbate, Collagen, Propylene Glycol, Citrus Limon Fruit Extract, Cucumis Sativus Fruit Extract, Decyl Glucoside, Glyceryl Stearate Citrate, Hydrogenated Castor Oil, Maltodextrin, Camellia Sinensis Leaf Extract, Citrus Aurantium Dulcis Fruit Extract, Pyrus Malus Fruit Extract, Tranexamic Acid, Hydroxypropyl Methylcellulose, Phenoxyethanol, Chlorphenesin, CI 77891, Fragrance","SUUNBU: AQUA, PROPANEDIOL, NIACINAMIDE, CARBOMER, TRIETHANOLAMINE, BUTYLENE GLYCOL, DIPOTASSIUM GLYCYRRHIZATE, GLYCERIN, ALOE BARBADENSIS LEAFEXTRACT, GLYCOLICACID,MANNITOL,ALLANTOINALPHA-ARBUTIN,DISODIUMEDTA,SODIUMTRIPOLYPHOSPHATE, SACCHARUM OFFICNARUM EXTRACT, DIMOCARPUS LONGAN FRUIT EXTRACT, CELLULOSE, HONEY EXTRACT,YEASTFERMENT EXTRACT,12-HEXANEDIOL,CAPRYLYL2-GLYCERYLASCORBATE,COLLAGEN, PROPYLENE GLYCOL, CITRUS LIMON FRUIT EXTRACT, CUCUMIS SATTVUS FRUIT EXTRACT, DECYL GLUCOSIDE, GLYCERYL STEARATE CITRATE, HYDROGENATED CASTOR OIL, MALTODEXTRIN, CAMELLIA SINENSIS LEAF EXTRACT, CITRUS AURANTIUM DULCIS FRUIT EXTRACT, PYAUS MALUS FRUIT EXTRACT, TRANEXAMIC ACID, HYDROXYPROPYL METHYLCELLULOSE, PHENOXYETHANOL, CHLORPHENESIN, C T7891, FRAGRANCE","SUUNBU, AQUA, PROPANEDIOL, NIACINAMIDE, CARBOMER, TRIETHANOLAMINE, BUTYLENE GLYCOL, DIPOTASSIUM GLYCYRRHIZATE, GLYCERIN, ALOE BARBADENSIS LEAFEXTRACT, GLYCOLICACID, MANNITOL, ALLANTOINALPHA-ARBUTIN, DISODIUM EDTA, SODIUMTRIPOLYPHOSPHATE, SACCHARUM OFFICNARUM EXTRACT, DIMOCARPUS LONGAN FRUIT EXTRACT, CELLULOSE, HONEY, EXTRACT, YEASTFERMENT EXTRACT,12-HEXANEDIOL, CAPRYLYL 2-GLYCERYL ASCORBATE, COLLAGEN, PROPYLENE GLYCOL, CITRUS LIMON FRUIT EXTRACT, CUCUMIS SATTVUS FRUIT EXTRACT, DECYL, GLUCOSIDE, GLYCERYL STEARATE CITRATE, HYDROGENATED CASTOR OIL, MALTODEXTRIN, CAMELLIA, SINENSIS LEAF EXTRACT, CITRUS AURANTIUM DULCIS FRUIT EXTRACT, PYAUS MALUS FRUIT, EXTRACT, TRANEXAMIC ACID, HYDROXYPROPYL METHYLCELLULOSE, PHENOXYETHANOL, CHLORPHENESIN, C T7891, FRAGRANCE",761,82,0.0407,0.3171,0.0329,0.2683,15.8504,
original,x12.jpg,labelx12.txt,ok,"Water, Isononyl Isononanoate, Glycerin, Niacinamide, Hydrogenated Polydecene, Propanediol, Sodium Acrylates Copolymer, Xylitylglucoside, Butylene Glycol, Cetearyl Alcohol, Anhydroxylitol, Phenoxyethanol, Glyceryl Stearate, Butyrospermum Parkii (Shea) Butter, Lecithin, PEG-100 Stearate, Xylitol, Chlorphenesin, Glucose, Disodium EDTA, Tocopheryl Acetate, Sodium Hyaluronate, Aloe Barbadensis Leaf Juice, Hydrolyzed Hyaluronic Acid, Maltodextrin, Alteromonas Ferment Extract, Potassium Sorbate","aouus:nou: Water, Isononyl Isononanoate, Glycerin, Niacinamide, Hydrogenated Polydecene, Propanediol, Sodium Acrylates Copolymer, Xylitylglucoside, Butylene Glycol, Ceteary Alcohol, Anhydroxylitol, Phenoxyethanol, Glyceryl Stearate, Butyrospermum Parkl (Shea) Butteecithin, PEG-100 Stearate, Xylitol, Chlorphenesin, Glucose, Disodium EDTA, Tocopheryl Acotate, Sodium Hyaluronate, Aloe Barbadensis Leaf Juice, Hydrolyzed Hyaluron , Maltodextrin, Alteromonas Ferment Extract, Potasslum Sorbate, Sodium ate.","aouus, nou, Water, Isononyl Isononanoate, Glycerin, Niacinamide, Hydrogenated, Polydecene, Propanediol, Sodium Acrylates Copolymer, Xylitylglucoside, Butylene Glycol, Ceteary Alcohol, Anhydroxylitol, Phenoxyethanol, Glyceryl Stearate, Butyrospermum Parkl, (Shea) Butteecithin, PEG-100 Stearate, Xylitol, Chlorphenesin, Glucose, Disodium EDTA, Tocopheryl Acotate, Sodium Hyaluronate, Aloe Barbadensis Leaf Juice, Hydrolyzed, Hyaluron, Maltodextrin, Alteromonas Ferment Extract, Potassium Sorbate, Sodium, ate",492,49,0.0793,0.2449,0.0854,0.2857,12.4089,
original,x120.jpg,labelx120.txt,ok,"Water, Niacinamide, Butylene Glycol, Glycerin, Betaine, Phenoxyethanol, Panthenol, Polysorbate 20, Carbomer, Xanthan Gum, Polyquaternium-7, Methylsilanol Mannuronate, Centella Asiatica Leaf Vesicles, Centella Asiatica Leaf Extract, 1,2-Hexanediol, Ethylhexylglycerin, Saccharide Isomerate, Ubiquinone, Caprylic/Capric Triglyceride, Olea Europaea (Olive) Fruit Oil, Hydrogenated Lecithin, Butyrospermum Parkii (Shea) Butter, Cholesterol, Ceramide NP, Phytosphingosine, Fragrance, Aloe Vera Vesicles, Sodium Hyaluronate, Potassium Hydroxide","douus:nou (Ingredients) : Water, Niacinamide, Butylene Glycol, Glycerin, Betaine, PhenoxyethanolPanthenol, Polysorbate 20, Carbomer, Xanthan Gum, Polyquaternium-7, Methyisilanol Mannuronate, Centella Asiatica Leaf Vesicies, Centella Asiatica Leaf Extract, 1,2-Hexanediol, Ethyihexyiglycerin, Saccharide Isomerate, Ubiquinone, Caprylic/Capric Triglyceride, Olea Europaea (Olive) Fruit Oil, Hydrogenated Lecithin, Butyrospermum Parkll (Shea) Butter, Chciasterol, Ceramide NP, Phytosphingosine, Fragrance, Aloe Vera Vesicies, Sodium Hyaluronate, Potassium Hydroxide","douus, nou (Ingredients), Water, Niacinamide, Butylene Glycol, Glycerin, Betaine, PhenoxyethanolPanthenol, Polysorbate 20, Carbomer, Xanthan Gum, Polyquaternium-7, Methyisilanol Mannuronate, Centella Asiatica Leaf Vesicies, Centella Asiatica Leaf Extract, 1,2-Hexanediol, Ethyihexyiglycerin, Saccharide, Isomerate, Ubiquinone, Caprylic/Capric Triglyceride, Olea Europaea (Olive) Fruit Oil, Hydrogenated Lecithin, Butyrospermum Parkii (Shea) Butter, Chciasterol, Ceramide NP, Phytosphingosine, Fragrance, Aloe Vera Vesicies, Sodium Hyaluronate, Potassium Hydroxide",538,54,0.0706,0.2037,0.0688,0.2037,11.3603,
original,x121.jpg,labelx121.txt,ok,"Aqua (Water), Octoxynol, Homosalate, Butyl Methoxydibenzoylmethane, Ethylhexyl Salicylate, Propylene Glycol, C12-15 Alkyl Benzoate, Potassium Cetyl Phosphate, Phenoxyethanol, Xanthan Gum, Chlorphenesin, Acrylates/C10-30 Alkyl Acrylate Crosspolymer, Silica Dimethyl Silylate, Titanium Dioxide, Disodium EDTA, Sodium Stearoyl Glutamate, Tocopheryl Acetate, Carbomer, Sodium Hydroxide, Parfum (Fragrance), 3-O-Ethyl Ascorbic Acid, Sodium Hyaluronate, Retinyl Palmitate, Caffeine, Maltodextrin, Centella Asiatica Leaf Extract, Hydroxyethylcellulose, Tocopherol","daudneu(Ingredens):Aqua (Water), Octocrylene,Homosalate, Buty Methoxydibenoymethane,Ehyexy Salicylate, Propylene Glycol, C12-15 Alkyl Benzoate, Potassium Cetyl Phosphate, Phenoxyethanol, Xanthan Gum, Chorphenesin, Acylates/C10-30 Alky Acryla Crosspolymer,Sca DimehySllae, Tanium Dixide. Disodium EDTA,Sodium Stearoy Glutamate,Tocopheryl Acetate, Carbomer, Sodium Hydroxide, PafumFragranca) -O-Ethyl Ascoric Acid,Sodum Hyaluronae, Retinl Palmiate, Cafeine, Maltodextrin, Centela Asiaca Leaf Extract, Hydroxyethylcellulose, Tocopherol","daudneu(Ingredens), Aqua (Water), Octocrylene, Homosalate, Buty Methoxydibenoymethane, Ehyexy, Salicylate, Propylene Glycol, C12-15 Alkyl Benzoate, Potassium Cetyl Phosphate, Phenoxyethanol, Xanthan, Gum, Chlorphenesin, Acylates/C10-30 Alky Acryla Crosspolymer, Sca DimehySllae, Tanium Dixide, Disodium EDTA, Sodium Stearoyl Glutamate, Tocopheryl Acetate, Carbomer, Sodium Hydroxide, PafumFragranca), O-Ethyl Ascoric Acid, Sodum Hyaluronae, Retinl Palmiate, Cafeine, Maltodextrin, Centela Asiaca, Leaf Extract, Hydroxyethylcellulose, Tocopherol",556,56,0.1295,0.5893,0.1187,0.4464,8.5857,
original,x122.jpg,labelx122.txt,ok,"Aqua, Glycerin, Propylene Glycol, Triethanolamine, Salicylic Acid, Betaine, Acrylates/C10-30 Alkyl Acrylate Crosspolymer, Zanthoxylum Bungeanum Fruit Extract, Panthenol, Ethylhexylglycerin, Paeonia Suffruticosa Root Extract, Caprylhydroxamic Acid, Xanthan Gum, Acrylamide/Sodium Acryloyldimethyltaurate Copolymer, Pentylene Glycol, Ammonium Acrylate, PEG-40 Hydrogenated Castor Oil, Sodium Sulfate, Sodium Hyaluronate, Propanediol, Potassium Hyaluronate, Hydrolyzed Hyaluronic Acid, Hyaluronic Acid, Ceramide NS, Ceramide NP, Ceramide EOS, Ceramide EOP, Ceramide AP, Allantoin, Hydroxyphenyl Propamidobenzoic Acid, Melaleuca Alternifolia (Tea Tree) Leaf Oil, Fragrance, Sodium Hyaluronate Crosspolymer, Sodium Acetylated Hyaluronate, Hydrolyzed Sodium Hyaluronate, Centella Asiatica Leaf Extract, Camellia Sinensis Leaf Extract, Beta-Glucan","JINGREDIENTSJ AQUA, GLYCERIN, PROPYLENE GLYCOL, TRIETHANOLAMINE, SALICYLIC ACID, BETAINE, BUTYLENE GLYCOL ACRYLATES/C10-30 ALKYL ACRYLATE CROSSPOLYMER, ZANTHOXYLUM BUNGEANUM FRUIT EXTRACT, PANTHENOL, PHENOXYETHANOL ETHYLHEXYLGLYCERIN, PAEONIA SUFFRUTICOSA ROOT EXTRACT, CAPRYLHYDROXAMIC ACID, XANTHAN GUM, ACRYLAMIDE SODIUM ACRYLOYLDIMETHYLTAURATE COPOLYMER, PENTYLENE GLYCOL, AMMONIUM SULFATE, PEG-40 HYDROGENATED CASTOR OIL, SODIUM SULFATE, SODIUM HYALURONATE, PROPANEDIOL, POTASSIUM HYALURONATE, HYDROXYPROPYLTRIMONIUM HYALURONATE, HYDROLYZED HYALURONIC ACID, HYALURONIC ACID, CERAMIDE NS, CERAMIDE NP, CERAMIDE EOS, CERAMIDE EOP CERAMIDE AP. ALLANTOIN, HYDROXYPHENYL PROPAMIDOBENZOIC ACID, MELALEUCA ALTERNIFOLIA (TEA TREE) LEAF OIL FRAGRANCE. SODIUM HYALURONATE CROSSPOLYMER, SODIUM ACETYLATED HYALURONATE, HYDROLYZED SODIUM HYALURONATE, CENTELLA ASIATICA EXTRACT.CAMELLIA SINENSIS LEAF EXTRACT, BETA-GLUCAN","JINGREDIENTSJ AQUA, GLYCERIN, PROPYLENE GLYCOL, TRIETHANOLAMINE, SALICYLIC ACID, BETAINE, BUTYLENE GLYCOL, ACRYLATES/C10-30 ALKYL ACRYLATE CROSSPOLYMER, ZANTHOXYLUM BUNGEANUM FRUIT EXTRACT, PANTHENOL, PHENOXYETHANOL, ETHYLHEXYLGLYCERIN, PAEONIA SUFFRUTICOSA ROOT EXTRACT, CAPRYLHYDROXAMIC ACID, XANTHAN GUM, ACRYLAMIDE, SODIUM ACRYLOYLDIMETHYLTAURATE CROSSPOLYMER, PENTYLENE GLYCOL, AMMONIUM SULFATE, PEG-40 HYDROGENATED CASTOR, OIL, SODIUM SULFATE, SODIUM HYALURONATE, PROPANEDIOL, POTASSIUM HYALURONATE, HYDROXYPROPYLTRIMONIUM, HYALURONATE, HYDROLYZED HYALURONIC ACID, HYALURONIC ACID, CERAMIDE NG, CERAMIDE NG, CERAMIDE EOS, CERAMIDE EOP, CERAMIDE AP. ALLANTOIN, HYDROXYPHENYL PROPAMIDOBENZOIC ACID, MELALEUCA ALTERNIFOLIA (TEA TREE) LEAF OIL FRAGRANCE, SODIUM HYALURONATE CROSSPOLYMER, SODIUM ACETYLATED HYALURONATE, HYDROLYZED SODIUM HYALURONATE, CENTELLA, ASIATICA EXTRACT.CAMELLIA SINENSIS LEAF EXTRACT, BETA-GLUCAN",840,88,0.1167,0.1818,0.1274,0.2159,24.4164,
original,x123.jpg,labelx123.txt,ok,"Water, Niacinamide, Propanediol, Isononyl Isononanoate, Pentylene Glycol, PEG/PPG-17/6 Copolymer, Polyglyceryl-6 Laurate, Polyglyceryl-10 Oleate, Hydrogenated Polydecene, Butylene Glycol, Phenoxyethanol, Glycogen, Glycolic Acid, Xanthan Gum, Sodium Hydroxide, Sodium Acrylates/Beheneth-25 Methacrylate Crosspolymer, Sorbitan Palmitate, Dipotassium Glycyrrhizate, Lactic Acid, Sodium Magnesium Silicate, Citric Acid, 3-O-Ethyl Ascorbic Acid, Ethylhexylglycerin, 3-Lauryl(glyceryl) Ascorbate, Lauryl Glucoside, Honokiol, Magnolol, Disodium EDTA, Hydrolyzed Sodium Hyaluronate","OuUS:NOU: Water, Niacinamide, Propanediol, Isononyl Isononanoate. Pentylene Glycol, PEG/PPG-17/6 Copolymer. Rolyglyceryl-6 Laurate. Polyglyceryl-10 Oleate. Hydrogenated Pol tylene Glycol. Phenoxyethanol. Glycogen, Glycolic Acid. Gum, Sodium Hydroxide Sodium Acrylates/Beheneth-25 Methacrylate Crosspolymer. Sorbitam Palmitate. Dipotassium Glycyrrhizate, Lactic Acid, Sodium Magnesium Silicate, Citric Acid. 3-O-Ethyl Ascorbic Acid. Ethylhexylglycerin. 3-Lauryiglyceryl Ascorbate, Lauryl Glucoside, Honokiol, Magnolol, Disodium EDTA. Hydrolyzed Sodium Hyaluronate, Sodium Hyaluronate","OuUS, NOU, Water, Niacinamide, Propanediol, Isononyl Isononanoate, Pentylene Glycol, PEG/PPG-17/6 Copolymer. Rolyglyceryl-6 Laurate, Polyglyceryl-10 Oleate. Hydrogenated Pol, tylene Glycol, Phenoxyethanol. Glycogen, Glycolic Acid, Gum, Sodium Hydroxide, Sodium Acrylates/Beheneth-25 Methacrylate Crosspolymer. Sorbitam, Palmitate. Dipotassium Glycyrrhizate, Lactic Acid, Sodium Magnesium, Silicate, Citric Acid. 3-O-Ethyl Ascorbic Acid. Ethylhexylglycerin, 3-Lauryiglyceryl Ascorbate, Lauryl Glucoside, Honokiol, Magnolol, Disodium EDTA. Hydrolyzed Sodium Hyaluronate, Sodium Hyaluronate",573,55,0.1169,0.4182,0.1099,0.3455,13.956,
original,x124.jpg,labelx124.txt,ok,"Aqua, Kaolin, Glycerin, Cyclopentasiloxane, Bambusa Vulgaris Stem Powder, Glyceryl Stearate, Dimethicone, Isopropyl Myristate, PEG-20 Glyceryl Triisostearate, Polysorbate 60, Stearyl Alcohol, PEG-100 Stearate, Isohexadecane, Fragrance, Synthetic Wax, Titanium Dioxide, Phenoxyethanol, Carbomer, Triethanolamine, Chlorphenesin, Coffea Arabica Seed Powder, Vaccinium Myrtillus Fruit Extract, Saccharum Officinarum Extract, Cocos Nucifera Oil, Disodium EDTA, Niacinamide, Prunus Armeniaca Seed Powder, Citrus Aurantium Dulcis Fruit Extract, Citrus Limon Fruit Extract, Acer Saccharum Extract, Tocopheryl Acetate, Citrullus Lanatus Seed Oil, CI 14720, CI 19140, CI 42090, Hydrolyzed Milk Protein, Momordica Cochinchinensis Fruit Extract, Butylene Glycol, 1,2-Hexanediol, Citrullus Lanatus Fruit Extract, Solanum Lycopersicum Fruit Extract, Citrulline","sduussneu (Ingredients): Aqua, Kaolin, Glycerin, Cyclopentasiloxane, Bambusa Vulgaris Stem Powder, Glyceryl Stearate, Dimethicone, Isopropy Myristate 9 Peg-20 Glyceryl Triisostearate, Polysorbate 60, Stearyl Alcohol, Peg-10 Stearate, Isohexadecane 14 Fragrance, Synthetic I Vax, Titanium Dicxide, Phenc yethanol, Carbomer, Triethanolamine, Chlorpher esin, Coffea Arabica Seed Po der, Vaccinium Myrtillus Fruit Extract, Saccharum Officinarum Extract, Cocos Ncifera Ol, Disodlum Edta, Niacinamide, Prunus Armeniaca Seed Powder, Citrus Aurantium Dulcis Fruit Extract, Citrus Limon Fru. Extract, Acer Saccharu Extract, Tocopheryl Acetate, Citrullus Lanatus Se. Oil, Ci 14720, Ci 1140, Ci 42090, Hydrolyzed Milk Protein 37 Momordica Cochinchinensis Fr Extract, Butylene Glycol, 1,2-Hexanediol, Citrullus Lanatus Fruit Extract, anum Lycopersicum Fruit Extract, Citrulline.","Aqua, Kaolin, Glycerin, Cyclopentasiloxane, Bambusa Vulgaris Stem Powder, Glyceryl Stearate, Dimethicone, Isopropy Myristate 9 Peg-20 Glyceryl Triisostearate, Polysorbate 60, Stearyl Alcohol, Peg-10 Stearate, Isohexadecane 14 Fragrance, Synthetic I Vax, Titanium Dicxide, Phenc yethanol, Carbomer, Triethanolamine, Chlorpher esin, Coffea Arabica Seed Po der, Vaccinium Myrtillus Fruit Extract, Saccharum Officinarum Extract, Cocos Ncifera Ol, Disodlum Edta, Niacinamide, Prunus Armeniaca Seed Powder, Citrus Aurantium Dulcis Fruit Extract, Citrus, Limon Fru. Extract, Acer Saccharu Extract, Tocopheryl Acetate, Citrullus, Lanatus Se. Oil, Ci 14720, Ci 1140, Ci 42090, Hydrolyzed Milk Protein, 37 Momordica Cochinchinensis Fr Extract, Butylene Glycol, 1,2-Hexanediol, Citrullus Lanatus Fruit Extract, anum Lycopersicum Fruit Extract, Citrulline",846,96,0.0709,0.3021,0.0426,0.2812,16.9514,
original,x125.jpg,labelx125.txt,ok,"Aqua, Cyclopentasiloxane, Propylene Glycol, Cyclomethicone, Niacinamide, Titanium Dioxide, Dimethicone, Glycerin, Butylene Glycol, Cetyl Dimethicone, Dimethicone Crosspolymer, PEG/PPG-18/18 Dimethicone, Phenoxyethanol, Sodium Chloride, Chlorphenesin, Sodium Polyacrylate, Aloe Barbadensis Leaf Juice Powder, Aluminum Hydroxide, Triethoxycaprylylsilane, Trideceth-6, Tetrahydrodifurfuryloxymethane, Diisopropyl Dimer Dilinoleate, CI 77491, Fragrance, CI 77492, Polyglyceryl-4 Isostearate, Cetyl PEG/PPG-10/1 Dimethicone, Mica, Hyaluronic Acid, C9-15 Fluoroalcohol Phosphate, Glutathione, Prunus Persica Fruit Extract, Oligopeptide-1","GREDIENTS/ đOUUS:NOU : AQUA CYCLCPENTASILOXANE, PROPYLENE GLYCOL CYCLOMETHICONE, NIACINAMIDE, ITANIUM DIOXIDE DIMETHICONE GLYCERIN BUTYENE GLYCOL CETYL DIMETHICONE, DIMETHICONE CROSSPOLYMER, PEG/PPG-18/ TE DIMETHICONE PHENOXYETHANOL SODIUM CHLORIDE, CHLORPHENESIN, SODIUM POLYACRYLATE, ALOE BARBADENSIS LEAF JUICE POWDER ALUMINUM HYDROXIDE, TRIETHOXYCAPRYLYLSILANE, TRIDECETH-6, TETRAHYDRODIFERULOYLMETHANE, DIISOPROPYL DIMER DILNOLEATE, a 77491, FRAGRANCE, C1 77492, POLYGLYCERYL-4 ISOSTEARATE, CETYL PEG/PPG-10/1 DIMETHICONE, HEXYL LAURATE, C9-15 FLUOROALCOHOL PHOSPHATE, GLUTATHIONE, PRUNUS PERSICA FRUIT EXTRACT. OLIGOPEPTIDE-1 1aunlus00min-10.1.4100007026","GREDIENTS/ đOUUS, NOU, AQUA CYCLCPENTASILOXANE, PROPYLENE GLYCOL CYCLOMETHICONE, NIACINAMIDE, ITANIUM DIOXIDE DIMETHICONE GLYCERIN BUTYENE GLYCOL CETYL DIMETHICONE, DIMETHICONE CROSSPOLYMER-3, PEG/PPG-18/, TE DIMETHICONE PHENOXYETHANOL SODIUM CHLORIDE, CHLORPHENESIN, SODIUM POLYACRYLATE, ALOE BARBADENSIS LEAF JUICE, POWDER ALUMINUM HYDROXIDE, TRIETHOXYCAPRYLYLSILANE, TRIDECETH-6, TETRAHYDRODIFERULOYLMETHANE, DIISOPROPYL DIMER, DILNOLEATE, a 77491, FRAGRANCE, C1 77492, POLYGLYCERYL-10 ISOSTEARATE, CETYL PEG/PPG-7/3 DIMETHICONE, HEXYL, LAURATE, C9-15 FLUOROALCOHOL PHOSPHATE, GLUTATHIONE, PRUNUS PERSICA FRUIT EXTRACT. OLIGOPEPTIDE-1, 1aunlus00min-10.1.4100007026",631,59,0.149,0.4407,0.1664,0.5424,14.4249,
original,x126.jpg,labelx126.txt,ok,"Aqua, Propanediol, Butylene Glycol, Olive Oil PEG-7 Esters, Polysorbate 20, Glycerin, Sodium Acrylates Copolymer, Snail Secretion Filtrate, Lecithin, Biosaccharide Gum-1, Hydrolyzed Sponge, Croton Lechleri Resin Extract, Ethylhexylglycerin, Hydroxypropyl Guar, Hydroxyethylcellulose, Disodium EDTA, Glyceryl Acrylate/Acrylic Acid Copolymer, Propylene Glycol, PVM/MA Copolymer, Glycolic Acid, Fragrance, Citric Acid, Sodium Magnesium Silicate, Phenoxyethanol, Xanthan Gum, Dipotassium Glycyrrhizate","5: 8únoKun -lu AQUA, PROPANEDIOL, BUTYLENE GLYCOL, OLIVE OIL PEG-7 ESTERS, POLYSORBATE 2O, GLYCERIN, SODIUM ACRYLATES COPOLYMER, SNAIL SECRETION FILTRATE, LECITHIN, BIOSACCHARIDE GUM-1, HYDROLYZED SPONGE, CROTON LECHLERI RESIN EXTRACT, ETHYLHEXYLGLYCERIN, HYDROXYPROPYL GUAR, HYDROXYETHYLCELLULOSE, DISODIUM EDTA, GLYCERYL ACRYLATE/ACRYLIC ACID COPOLYMER, PROPYLENE GLYCOL, PVM/MA COPOLYMER, GLYCOLIC ACID, FRAGRANCE, LACTIC ACID, SODIUM MAGNESIUM SILICATE, CITRIC ACID, PHENOXYETHANOL,XANTHAN GUM, DIPOTASSIUM GLYCYRRHIZATE en / nn/ Tandn","5, 8únoKun -lu, AQUA, PROPANEDIOL, BUTYLENE GLYCOL, OLIVE OIL PEG-7 ESTERS, POLYSORBATE 2O, GLYCERIN, SODIUM ACRYLATES CROSSPOLYMER, SNAIL, SECRETION FILTRATE, LECITHIN, BIOSACCHARIDE GUM-1, HYDROLYZED, SPONGE, CROTON LECHLERI RESIN EXTRACT, ETHYLHEXYLGLYCERIN, HYDROXYPROPYL GUAR, HYDROXYETHYLCELLULOSE, DISODIUM EDTA, GLYCERYL ACRYLATE/ACRYLIC ACID COPOLYMER, PROPYLENE, GLYCOL, PVM/MA COPOLYMER, GLYCOLIC ACID, FRAGRANCE, LACTIC, ACID, SODIUM, MAGNESIUM, SILICATE, CITRIC, ACID, PHENOXYETHANOL, XANTHAN GUM, DIPOTASSIUM GLYCYRRHIZATE, en / nn/ Tandn",497,53,0.0986,0.2264,0.1207,0.3396,17.0489,
original,x127.jpg,labelx127.txt,ok,"Aqua, Octyl Salicylate, C12-15 Alkyl Benzoate, Isohexadecane, Propanediol, PEG-15/PPG-70 Glyceryl Ether/IPDI/DMPA Copolymer, Dibutyl Adipate, Homosalate, Niacinamide, Titanium Dioxide, Bis-Ethylhexyloxyphenol Methoxyphenyl Triazine, Diethylamino Hydroxybenzoyl Hexyl Benzoate, Acrylates/C12-22 Alkyl Methacrylate Copolymer, C15-19 Alkane, Zinc Oxide, Behenyl Alcohol, Magnesium Aluminum Silicate, Polyglyceryl-10 Pentastearate, Phenoxyethanol, Cucumis Melo Fruit Extract, Propylene Glycol, Polyhydroxystearic Acid, Glycerin, Butylene Glycol, Ethylhexyl Triazone, Hydrated Silica, Chlorphenesin, Diutan Gum, Gossypium Herbaceum Callus Culture, Sodium Stearoyl Lactylate, Pseudoalteromonas Ferment Extract, Aluminum Hydroxide, Neopentyl Glycol Diethylhexanoate, Lecithin, Cetyl Alcohol, Disodium EDTA, Zinc PCA, 1,2-Hexanediol, Avena Sativa Kernel Extract, Biosaccharide Gum-4, Glycyrrhizinate, Hydroxyacetophenone, Citric Acid, Maltodextrin, Aloe Barbadensis Leaf Juice","20ü00 15 n dU: Aqua, Octyl Salicylate, C12-15 Alkyl Benzoate Isohexadecane, Propanediol, PEG-15/PPG-70 Glyceryl Ether/IPDI/DMPA Crosspolymer, Dibutyl Adipate, Homosalate,Nlacinamide, Titanlum Dioxide, Bis-Ethylhexylcxyphenol Methoxyphenyl triazine, Diethylamino Hydroxybenzoyl Hexyl Benzoate, Acrylates/C12-22 Alkyl Methacrylate Copolymer, C15-19 Alkane, Zinc Oxide, Behenyl Alcohol, Magnesium Aluminum Slicate, Polyglyceryl-10 Pentastearate, Phenoxyethanol, Cucumis melo frult extract, Propylene Glycol, Polyhydroxystearic Acid, Glycerin, Butylene Glycol, Ethylhexyl Triazone, Hydrated Sllica, Chlorphenesin, Dlutan Gum, Gossyplum Herbaceum Callus Culture, Sodlum Stearoyl Lactylate, Pseudoalteromonas Ferment Extract, Aluminum Hydroxide, Neopentyl Glycol Diethythexanoate, Lecithin, Cetyl Alcohol, Disodlum EDTA, Zinc PCA, 1,2-Hexanediol, Polysorbate 20, Hydrolyzed Milk Proten, Blosaccharide Gum-, Avena Sava Kernel Extract, Dipotassum Glycyrizate, Hydroxyacetophenone, Ciric Ad, Maltodexrin, Ale Barbadensis Leaf Juice, Sodium Benzoate ≈ 53 7","20ü00 15 n, dU, Aqua, Octyl Salicylate, C12-15 Alkyl Benzoate, Isohexadecane, Propanediol, PEG-15/PPG-70 Glyceryl Ether/IPDI/DMPA, Crosspolymer, Dibutyl Adipate, Homosalate, Niacinamide, Titanlum Dioxide, Bis-Ethylhexyloxyphenol Methoxyphenyl Triazine, Diethylamino Hydroxybenzoyl, Hexyl Benzoate, Acrylates/C12-22 Alkyl Methacrylate Copolymer, C15-19 Alkane, Zinc Oxide, Behenyl Alcohol, Magnesium Aluminum Slicate, Polyglyceryl-10, Pentastearate, Phenoxyethanol, Cucumis melo frult extract, Propylene Glycol, Polyhydroxystearic Acid, Glycerin, Butylene Glycol, Ethylhexyl Triazone, Hydrated Sllica, Chlorphenesin, Dlutan Gum, Gossyplum Herbaceum Callus, Culture, Sodlum Stearoyl Lactylate, Pseudoalteromonas Ferment Extract, Aluminum Hydroxide, Neopentyl Glycol Diethythexanoate, Lecithin, Cetyl Alcohol, Disodlum EDTA, Zinc PCA, 1,2-Hexanediol, Polysorbate 20, Hydrolyzed Milk, Proten, Blosaccharide Gum, Avena Sava Kernel Extract, Dipotassum, Glycyrizate, Hydroxyacetophenone, Ciric Ad, Maltodextrin, Ale, Barbadensis Leaf Juice, Sodium Benzoate, ≈ 53 7",968,97,0.1384,0.4021,0.1426,0.3918,18.2137,
original,x128.jpg,labelx128.txt,ok,"Water, Dipropylene Glycol, Glycerin, Niacinamide, Methyl Gluceth-20, Ammonium Acryloyldimethyltaurate/VP Copolymer, Pentaerythrityl Tetraethylhexanoate, Trehalose, Caffeine, Sodium Hyaluronate, Hydroxyacetophenone, Tromethamine, Carbomer, Butylene Glycol, Adenosine, Caprylic/Capric Triglyceride, Caprylyl Glycol, Hydrogenated Lecithin, Disodium EDTA, 1,2-Hexanediol, Ceramide NP, Hamamelis Virginiana (Witch Hazel) Extract, Camellia Sinensis Leaf Extract, Chlorogenic Acids, Collagen, Caffeic Acid, Acetyl Tetrapeptide-5, Ethylhexylglycerin, Arginine, Glycine, Serine, Leucine, Lysine, Histidine, Proline, Phenylalanine, Threonine, Tyrosine, Alanine, Isoleucine, Aspartic Acid, Cystine, Valine, Methionine, Glutamic Acid, Hexapeptide-9, Palmitoyl Pentapeptide-5, Palmitoyl Tripeptide-1, Copper Tripeptide-1, Acetyl Hexapeptide-8","Ingredients/douus:nou: WATER, DIPROPYLENE GLYCOL GLYCERIN, NIACINAMIDE, METHYL GLUCETH-20 AMMONIUM ACRYLOYLDIMETHYLTAURATE/VP COPOLYMER, PENTAERY HRITYL TETRAETHYLHEXANOATE, TREHALOSE, CAFFEINE, SODIUM HYALURONATE, HYDROXYACETOPHENONE, TROMETHAMINE CARBOMER, BUTYLENE GLYCOL ADENOSINE, CAPRYLIC/CAPRIC TRIGLYCERIDE, CAPRYLYL GLYCOL, HYDRO- GENATED LECITHIN, DISODIUM EDTA, 1,2-HEXANEDIOL, CERAMIDE NP, HAMAMELIS VIRGINIANA (WITCH HAZEL) EXTRACT, CAMELLIA SINENSIS LEAF EXTRACT, CHLOROGENIC ACIDS, COLLAGEN, CAFFEIC ACID, ACETYL TETRAPEPTIDE-5, ETHYLHEXYLGLYCERIN, ARGININE, GLYCINE, SERINE, LEUCINE, LYSINE, HISTIDINE, PROLINE, PHENYLALANINE THREONINE, TYROSINE, ALANINE, ISOLEUCINE, ASPARTIC ACID, CYSTEINE, VAINE, METHIONINE, GLUTAMIC ACID,HEXAPEPTIDE-9,PALMITOYL PENTAPEPTIDE-5,PALMITOYLTRIPEPTIDE-1, COPPERTRIPEPTIDE-1,ACETYLHEXAPEPTIDE-8","nou, WATER, DIPROPYLENE GLYCOL GLYCERIN, NIACINAMIDE, METHYL GLUCETH-20, AMMONIUM ACRYLOYLDIMETHYLTAURATE/VP COPOLYMER, PENTAERY HRITYL, TETRAETHYLHEXANOATE, TREHALOSE, CAFFEINE, SODIUM HYALURONATE, HYDROXYACETOPHENONE, TROMETHAMINE CARBOMER, BUTYLENE GLYCOL, ADENOSINE, CAPRYLIC/CAPRIC TRIGLYCERIDE, CAPRYLYL GLYCOL, HYDRO, GENATED LECITHIN, DISODIUM EDTA, 1,2-HEXANEDIOL, CERAMIDE NG, HAMAMELIS VIRGINIANA (WITCH HAZEL) EXTRACT, CAMELLIA SINENSIS, LEAF EXTRACT, CHLOROGENIC ACIDS, COLLAGEN, CAFFEIC ACID, ACETYL, TETRAPEPTIDE-5, ETHYLHEXYLGLYCERIN, ARGININE, GLYCINE, SERINE, LEUCINE, LYSINE, HISTIDINE, PROLINE, PHENYLALANINE THREONINE, TYROSINE, ALANINE, ISOLEUCINE, ASPARTIC ACID, CYSTEINE, VAINE, METHIONINE, GLUTAMIC, ACID, HEXAPEPTIDE-49, PALMITOYL PENTAPEPTIDE-5, PALMITOYL TRIPEPTIDE-31, COPPERTRIPEPTIDE-1, ACETYL HEXAPEPTIDE-38",829,78,0.0483,0.2821,0.0265,0.2436,24.7761,
original,x129.jpg,labelx129.txt,ok,"Aqua, Glycereth-26, Niacinamide, Butylene Glycol, Phenoxyethanol, PEG-40 Hydrogenated Castor Oil, Acrylates/C10-30 Alkyl Acrylate Crosspolymer, Citrus Dulcis (Orange) Peel Oil, Glycerin, Hippophae Rhamnoides Fruit Oil, Microcrystalline Cellulose, Sucrose, Hydrolyzed Corn Starch Octenylsuccinate, Zea Mays Starch, Ascorbyl Tetraisopalmitate, Ethyl Ascorbic Acid, Aloe Barbadensis Leaf Juice Powder, Sodium Starch Octenylsuccinate, Hydroxypropyl Methylcellulose, Tocopheryl Acetate, C12-13 Alkyl Glyceryl Hydrolyzed Hyaluronate, Calcium Pantothenate, Maltodextrin, Sodium Ascorbyl Phosphate, Sodium Carboxymethyl Hyaluronate, CI 15985, 1,2-Hexanediol, Caprylyl 2-Glyceryl Ascorbate, Ascorbic Acid, Xanthan Gum, Pyridoxine HCl, Sorbitol, Caprylyl Glycol, Propanediol, CI 17110, CI 12490, Hydrated Silica, Tocopherol, Centella Asiatica Extract, CI 16035, Silica, Glucose, Sodium Hyaluronate, Chondrus Crispus Extract, Colloidal Gold, Hydroxypropyltrimonium Hyaluronate, Glutathione, Hydrolyzed Hyaluronic Acid, Sodium Acetylated Hyaluronate, Hyaluronic Acid, Sodium Hyaluronate Crosspolymer","AUIDSUACTDG服 - RETHOLE,BETAINEHLORPHEETETRASODIUMEDTL CITRUS AURANTIUM DULI(ORANGE PEELIL,GLYCERHIPPA RAOIDES RU MICROCRYSTALLINE CELULOSE, SUCROSE, HYDROLYZED CORN STARCH OCTENYLSUCINATE ZEA MAYS STARCH ACOETTE T -LKYLYCERYLYRYZEDHLURATEALIUATE MALTODEXTRIN SODIUMASCORBYLPHOSPHATE,SODIUMCARBOXYETHYLYALURTE, 1.2-HEXANEDIOL RYLLYCERLACORAEACORICADAHAU HCL SORBITOL CAPRYLYL GLYCOL, PROPANEDIOL, Cl 11710, Cl 12490, HYDRATED D SILICA, TOCOPHEROL CENTELLA ASIATICA EXTRACT, CI 16035, SILICA. GLUCOSE, SODIUM HYALURONATE CHONDRUS CRISPUS EXTRACT COLLOIDAL ARONC ACID SODIUM ACETYLAED ALE GOLD, HYDROXYPROPYLTRIMONIUM HYALURONATE, GLUTATHIONE, HYDROLYZED ACID, HYDROLYZED SODUM  HYALURONIC","AUIDSUACTDG服, RETHOLE, BETAINEHLORPHEETETRASODIUMEDTL, CITRUS AURANTIUM, DULI(ORANGE PEELIL, GLYCERHIPPA RAOIDES RU, MICROCRYSTALLINE, CELLULOSE, SUCROSE, HYDROLYZED CORN STARCH OCTENYLSUCCINATE, ZEA MAYS STARCH, ACOETTE, T, LKYLYCERYLYRYZEDHLURATEALIUATE, MALTODEXTRIN, SODIUMASCORBYLPHOSPHATE, SODIUMCARBOXYETHYLYALURTE, 1.2-HEXANEDIOL, RYLLYCERLACORAEACORICADAHAU, HCL, SORBITOL, CAPRYLYL GLYCOL, PROPANEDIOL, Cl 11710, Cl 12490, HYDRATED, D SILICA, TOCOPHEROL, CENTELLA, ASIATICA EXTRACT, CI 16035, SILICA, GLUCOSE, SODIUM, HYALURONATE, CHONDRUS CRISPUS EXTRACT, COLLOIDAL, ARONC ACID SODIUM ACETYLAED ALE, GOLD, HYDROXYPROPYLTRIMONIUM HYALURONATE, GLUTATHIONE, HYDROLYZED, ACID, HYDROLYZED, SODUM, HYALURONIC",1087,116,0.4756,0.7759,0.4618,0.75,19.8379,
original,x13.jpg,labelx13.txt,ok,"Aqua, Niacinamide, Glycerin, Propylene Glycol, Phenoxyethanol, PEG-40 Hydrogenated Castor Oil, Dipropylene Glycol, Carbomer, Triethanolamine, Chlorphenesin, Soluble Collagen, Tetrasodium EDTA, Fragrance, Glutathione, Sodium Hyaluronate, Polyquaternium-11, Agar, Aloe Barbadensis Leaf Juice Powder, Ethyl Ascorbic Acid, Tocopheryl Acetate, Imidazolidinyl Urea, CI 73360, Methylparaben, Ethylparaben, Butylparaben, Propylparaben","douds:nou/ingredients: Aqual ] Castor Oil, Dipropylene Collagen, Tetrasodium Glycol, omer,Triethanolamine, Chlorphenesin,Soluble Polyquaternium-11, EDTA, rance. Glutathione, Sodium Hyaluronate Agar, Ascorbic Acid, Tocopheryl Acetate, Aloe P adensis Leaf Juice Powder, Ethyl Ethy yiparaben Butylparaben, Propylparaben Imidazolidinyl Urea, Ci 73360, Methylparaben,","douds, nou/ingredients, Aqual, ], Castor Oil, Dipropylene, Collagen, Tetrasodium, Glycol, omer, Triethanolamine, Chlorphenesin, Soluble, Polyquaternium-11, EDTA, rance, Glutathione, Sodium Hyaluronate, Agar, Ascorbic Acid, Tocopheryl Acetate, Aloe, P, adensis Leaf Juice Powder, Ethyl, Ethy, yiparaben, Butylparaben, Propylparaben, Imidazolidinyl, Urea, Ci 73360, Methylparaben",426,43,0.5235,0.7209,0.5211,0.7907,11.5703,
original,x130.jpg,labelx130.txt,ok,"Water, Propanediol, Niacinamide, Caprylic/Capric Triglyceride, Dimethicone, Isononanoate, Xylitylglucoside, Polyacrylamide, Phenoxyethanol, Anhydroxylitol, Glyceryl Acrylate/Acrylic Acid Copolymer, C13-14 Isoparaffin, Hydrogenated Polyisobutene, Chlorphenesin, Panthenol, Xylitol, Acrylates/C10-30 Alkyl Acrylate Crosspolymer, Triethanolamine, Propylene Glycol, Hydrolyzed Collagen, Butyrospermum Parkii Butter, Betaine, Laureth-7, Saccharide Isomerate, Butylene Glycol, Citrus Limon Fruit Extract, Cetearyl Alcohol, Xanthan Gum, Hydrogenated Lecithin, Petroselinum Crispum Extract, Polysorbate 80, Sodium Hyaluronate, Passiflora Incarnata Extract, Laminaria Digitata Extract, Citric Acid, Sodium Citrate, Linolenic Acid, Ascorbyl Propyl Hyaluronate, Zinc Hydrolyzed Hyaluronate, Potassium Hyaluronate, Hydroxypropyltrimonium Hyaluronate, Pentylene Glycol, Ascorbyl Propyl Hydrolyzed Hyaluronate, Hyaluronic Acid, Dimethylsilanol Hyaluronate, Cholesterol, Ceramide NP, Ceramide NS, Ceramide NG","aouus:nou: WATER,PROPANEDIOL,NIACINAMIDE, CAPRYLIC/CAPRIC TRIGLYCERIDE, GLYCERN,SONONYL ISONONANOATE, XYLITYLGLUCOSIDE, POLYACRYLAMIDE, PHENOXYETHANOL, ANHYDROXYLITOL, GLYCERYL ACRYLATE/ACRYLIC ACID COPOLYMER, C13-14ISOPARAFFN,HYDROGENATED POLYISOBUTENE, CLORPHENEIN PANTHENOL, XYLITOL, ACRYLATES/C10-30 ALKYL ACRYLATE CROSSPOLYMER, TRIETHANOLAMINE, PROPYLENE GLYCOL, HYDROLYZED COLLAGEN, BUTYROSPERMUM PARKI BUTTER, BETAINE, LAURETH-7, SACCHARIDE ISOMERATE, BUTYLENE GLYCOL, SODIUM PCA, 12-HEXANEDIOL, GLYCERYL STEARATE, PEG-10 STEARATE FRAGRANCE, CITRUS LIMON FRUIT EXTRACT, CETEARYL ALCOHOL, XANTHAN GUM,HYDROGENATED LECITHIN PETROSELINUMCRISPUMEXTRAC, POLYSORBATE O,SODIUM ALURONATE, PASSILORAICARNATA ERAT LAA DIGIATA EITRIC ID,IU CITRATEOLC AI, ASRBYLPRLRATE ZINC HYDROLYZED HYALURONATE, POTASSIUM HYALURONATE, SODIUM ACETYLATED HYALURONATE HYDROLYZED SAIUURE,SOUBEATEROYRTRULRTL ASCORBYLPROPYL HYDROLYZED HYALURONATE, HYALURONIC ACID, DIMETHYLSILANOL HY HYALURONATE CROSSPOLYMER, YALURONATE, SODIUM CHOLESTEROL, CERAMIDE RHYDROLYZED HYALURONIC ACID, CETYL-P AN A NP. , CERAMIDE EOP, CERAMIDE AP, CERAMIDE AS, CERAMIDE NS, CERAMIDE NG","aouus, nou, WATER, PROPANEDIOL, NIACINAMIDE, CAPRYLIC/CAPRIC TRIGLYCERIDE, GLYCERN, SONONYL, ISONONANOATE, XYLITYLGLUCOSIDE, POLYACRYLAMIDE, PHENOXYETHANOL, ANHYDROXYLITOL, GLYCERYL, ACRYLATE/ACRYLIC ACID COPOLYMER, C13-14 ISOPARAFFIN, HYDROGENATED POLYBUTENE, CLORPHENEIN, PANTHENOL, XYLITOL, ACRYLATES/C10-30 ALKYL ACRYLATE CROSSPOLYMER, TRIETHANOLAMINE, PROPYLENE, GLYCOL, HYDROLYZED COLLAGEN, BUTYROSPERMUM PARKII BUTTER, BETAINE, LAURETH-7, SACCHARIDE, ISOMERATE, BUTYLENE GLYCOL, SODIUM PCA, 12-HEXANEDIOL, GLYCERYL STEARATE, PEG-20 STEARATE, FRAGRANCE, CITRUS LIMON FRUIT EXTRACT, CETEARYL ALCOHOL, XANTHAN GUM, HYDROGENATED LECITHIN, PETROSELINUMCRISPUMEXTRAC, POLYSORBATE O, SODIUM HYALURONATE, PASSILORAICARNATA ERAT, LAA DIGIATA EITRIC ID, IU CITRATEOLC AI, ASRBYLPRLRATE, ZINC HYDROLYZED HYALURONATE, POTASSIUM HYALURONATE, SODIUM ACETYLATED HYALURONATE HYDROLYZED, SAIUURE, SOUBEATEROYRTRULRTL, ASCORBYLPROPYL HYDROLYZED HYALURONATE, HYALURONIC ACID, DIMETHYLSILANOL HY, HYALURONATE CROSSPOLYMER, YALURONATE, SODIUM, CHOLESTEROL, CERAMIDE, RHYDROLYZED HYALURONIC ACID, CETYL-P AN A, NP, CERAMIDE EOP, CERAMIDE AP, CERAMIDE AS, CERAMIDE NG, CERAMIDE NG",993,96,0.3454,0.6667,0.3424,0.6458,19.9924,
original,x131.jpg,labelx131.txt,ok,"Water, C12-15 Alkyl Benzoate, Glycerin, Cyclopentasiloxane, Dimethicone, Ethylhexyl Methoxycinnamate, Titanium Dioxide, Dimethiconol, PEG-10/15 Crosspolymer, Sodium Chloride, Phenoxyethanol, Fragrance, Chlorphenesin, Aloe Barbadensis Leaf Juice Powder, Tocopheryl Acetate, Dipropylene Glycol, Sodium Citrate, CI 15850:1, BHT, Tocopherol, Butylene Glycol, Ascorbyl Tetraisopalmitate, Glutathione, Sodium Hyaluronate, Camellia Japonica Flower Extract, Magnolia Kobus Branch/Flower/Leaf Extract, Nelumbo Nucifera Flower Extract, Citrullus Lanatus Fruit Extract, Aureobasidium Pullulans Ferment, Saccharomyces Ferment, Centella Asiatica Extract, 1,2-Hexanediol, Ethylhexylglycerin, Potassium Sorbate, Sodium Benzoate","Aouus:nou: Water, C12-15 Alkyl Benzoate, Glycerin, Cyclopentasilaxane, Dimethicone, Ethylhexyl Methaxycinnamate, Titanium Diaxide, Dimethicone/PEG-10/15 Crosspolymer, Sodium Chloride, Phenoxyethanol, Fragrance, Chlorphenesin, Aloe Barbadensis Leaf Juice Pawder. Tocopheryl Acetate, Dipropylene Glycol, Sodium Citrate, Cl 15850:1, BHT, Tocopherol, Butylene Glycol, Ascorbyl Tetraisopalmitate, Glutathione, Sodium Hyaluronate, Camellia japonica Rower Extract, Magnolia Kobus Branch/Flower/Leaf Extract, Nelumbo Nucifera Flower Extract, Citrullus Lanatus Fruit Extract, Aureobasidium Pullulans Ferment, Saccharomyces Ferment, Centella Asiatica Extract, 1,2-Hexanediol, Ethyl Hexanediol, Potassium Sorbate, Sodium Benzoate","Aouus, nou, Water, C12-15 Alkyl Benzoate, Glycerin, Cyclopentasiloxane, Dimethicone, Ethylhexyl Methaxycinnamate, Titanium Diaxide, Dimethicone/PEG-10/15 Crosspolymer, Sodium, Chloride, Phenoxyethanol, Fragrance, Chlorphenesin, Aloe Barbadensis Leaf Juice Pawder, Tocopheryl Acetate, Dipropylene Glycol, Sodium Citrate, Cl 15850, 1, BHT, Tocopherol, Butylene, Glycol, Ascorbyl Tetraisopalmitate, Glutathione, Sodium Hyaluronate, Camellia japonica Rower, Extract, Magnolia Kobus Branch/Flower/Leaf Extract, Nelumbo Nucifera Flower Extract, Citrullus, Lanatus Fruit Extract, Aureobasidium Pullulans Ferment, Saccharomyces Ferment, Centella Asiatica, Extract, 1,2-Hexanediol, Ethyl Hexanediol, Potassium Sorbate, Sodium Benzoate",712,71,0.0463,0.1549,0.0548,0.2394,11.4602,
original,x132.jpg,labelx132.txt,ok,"Aqua, Propylene Glycol, Methyl Gluceth-20, Acrylates/C10-30 Alkyl Acrylate Crosspolymer, Niacinamide, Butylene Glycol, Allantoin, Propanediol, Potassium Hydroxide, Ethoxydiglycol, Salicylic Acid, Zinc PCA, Amylopectin, Dextrin, Aloe Barbadensis Leaf Extract, Xanthan Gum, Glycerin, Garcinia Mangostana Peel Extract, Disodium EDTA, Glycolic Acid, Lecithin, Arginine, Dipotassium Glycyrrhizate, Ethylhexylglycerin, Caprylic/Capric Triglyceride, Maltodextrin, Asiaticoside, Madecassic Acid, Quaternium-73, Asiatic Acid, Chamomilla Recutita Flower Extract, Pentylene Glycol, Pistacia Lentiscus Gum, Caproyl Salicylic Acid, Yogurt Powder, Bellis Perennis Flower Extract, Glyceryl Caprylate, Phenethyl Alcohol, Disodium Phosphate, Potassium Chloride, Potassium Phosphate, Sodium Chloride, Phenoxyethanol, Chlorphenesin, O-Cymen-5-OL, Potassium Sorbate, Sodium Benzoate","au: Agua, Propylene Glycol, Methyl Gluceth-20, Acrylates /C10-30 Alkyl Acrylate Crosspolymer, Niacinamide, Butylene Glycol, Allantoin, Propanediol. Potassium Hydroxide, Ethoxydiglycol, Salicylic Acid, Zinc PCA, Amylopectin, Dextrin, Aloe Barbadensis Leaf Extract, Xanthan Gum, Glycerin, Garcinia Mangostana Peel Extract, Disodium EDTA, Lecithin, Arginine, Dipotassium Glycyrrhizate, Ethylhexylglycerin, Glycolic Acid, Polysorbate 60, Calendula Officinalis Flower Extract, Caprylic/Capric Triglyceride, Maltodextrin, Asiaticoside, Madecassic Acid, Quaternium-73, Asiatic Acid, Chamomilla Recutita Flower Extract, Pentylene Glycol, Pistacia Lentiscus Gum, Capryloyl Salicylic Acid, Yogurt Powder, Bellis Perennis Flower Extract, Glyceryl Caprylate, Phenethyl Alcohol, Disodium Phosphate, Potassium Chloride, Potassium Phosphate, Sodium Chloride, Phenoxyethanol, Chlorphenesin, O-Cymen-5-OL, Potassium Sorbate, Sodium Benzoate","au, Agua, Propylene Glycol, Methyl Gluceth-20, Acrylates, /C10-30 Alkyl Acrylate Crosspolymer, Niacinamide, Butylene Glycol, Allantoin, Propanediol. Potassium Hydroxide, Ethoxydiglycol, Salicylic, Acid, Zinc PCA, Amylopectin, Dextrin, Aloe Barbadensis Leaf Extract, Xanthan Gum, Glycerin, Garcinia Mangostana Peel Extract, Disodium EDTA, Lecithin, Arginine, Dipotassium Glycyrrhizinate, Ethylhexylglycerin, Glycolic, Acid, Polysorbate 60, Calendula Officinalis Flower Extract, Caprylic/Capric, Triglyceride, Maltodextrin, Asiaticoside, Madecassic Acid, Quaternium-73, Asiatic Acid, Chamomilla Recutita Flower Extract, Pentylene Glycol, Pistacia Lentiscus Gum, Capryloyl Salicylic Acid, Yogurt Powder, Bellis Perennis, Flower Extract, Glyceryl Caprylate, Phenethyl Alcohol, Disodium Phosphate, Potassium Chloride, Potassium Phosphate, Sodium Chloride, Phenoxyethanol, Chlorphenesin, O-Cymen-5-Ol, Potassium Sorbate, Sodium Benzoate",862,89,0.1079,0.1798,0.116,0.2247,18.4188,
original,x133.jpg,labelx133.txt,ok,"Aqua, Butylene Glycol, Niacinamide, Hydrogenated Polydecene, Glycerin, Citrullus Lanatus Fruit Extract, Sodium Hyaluronate, Ethylene Glycol, Polyacrylamide, C13-14 Isoparaffin, Sodium Ascorbyl Phosphate, Tocopheryl Acetate, Phenoxyethanol, Chlorphenesin, Fragrance, Allantoin, Punica Granatum Extract, Collagen, Laureth-7, CI 15985, CI 16255","aouus:nou/Ingredients: Aqua, Butylene Giycol, Niacinamide, nuamouoda:yAAa Hydrogenated Polydecene, Citrullus Lanatus Fruit Extract, Sodium Hyaluronate, Sodium Ascorbyl Phosphate, Polyacrylamide. Phenoxyethanol, Tocopheryl Acetate, C13-14 Isoparaffin. Chiorphenesin, Fragrance, Allantoin, Punica Granatum Extract. Collagen, Laureth-7, Glycerin, Cl 15985, CI 16255","aouus, nou/Ingredients, Aqua, Butylene Giycol, Niacinamide, nuamouoda, yAAa, Hydrogenated Polydecene, Citrullus Lanatus Fruit Extract, Sodium, Hyaluronate, Sodium Ascorbyl Phosphate, Polyacrylamide, Phenoxyethanol, Tocopheryl Acetate, C13-14 Isoparaffin, Chlorphenesin, Fragrance, Allantoin, Punica Granatum Extract, Collagen, Laureth-7, Glycerin, Cl 15985, CI 16255",341,36,0.4164,0.4722,0.4164,0.5,8.7684,
original,x134.jpg,labelx134.txt,ok,"Water, Butylene Glycol, C12-15 Alkyl Benzoate, Isononyl Isononanoate, Niacinamide (Vitamin B3), Mineral Oil, Cetearyl Alcohol, Dimethicone, Glyceryl PEG-100 Stearate, Panthenol (Vitamin B5), Cyclopentasiloxane, Ethylhexyl Stearate, Cetyl Alcohol, Acrylates/C10-30 Alkyl Acrylate Crosspolymer, Caprylyl Glycol, Fragrance, Chlorphenesin, Potassium Hydroxide, Tetrasodium EDTA, Bisabolol, Carbomer, Limonia Acidissima Extract (Thanaka Extract), Polyacrylamide, PEG-40 Castor Oil, C13-14 Isoparaffin, Sodium Cetearyl Sulfate, Polysorbate 20, Laureth-7, Leuconostoc/Radish Root Ferment Filtrate, Hibiscus Sabdariffa Ferment Extract (Roselle Extract), Sodium Hyaluronate, Tocopheryl Acetate, Morus Alba Bark Extract (Mulberry Extract), Retinyl Palmitate (Vitamin A), Aloe Barbadensis Leaf Juice (Aloe Vera Extract), Maltodextrin, Helianthus Annuus (Sunflower) Seed Oil, Cucumis Sativus (Cucumber) Seed Extract (Cucumber Extract), Sodium Benzoate, Tocopherol, Potassium Phosphate, Potassium Sorbate, BHA, Citric Acid, CI 19140, CI 14700","AOUWAU/INGREDIENTS: WATER, BUTYLENE GLYCOL, C12-15 ALKYL BENZOATE, ISONONYL ISONONANOATE, NIACINAMIDE(VITAMINB3), MINERAL OILCETEARYLALCOHOL DIMETHICONE, GLYCERYL STEARATE, PEG-100 STEARATE PHENOXYETHANOL PANTHENOL (VITAMINB5), CYCLOPENTASILOXANE, ETHYLHEXYL STEARATE, CETYL ALCOHOL, ACRYLATES/C10-30 ALKYL ACRYLATE CROSSPOLYMER,CAPRYLYL GLYCOL, FRAGRANCE, CHLORPHENESIN, POTASSIUM HYDROXIDE TETRASODIUM EDTA, BISABOLOL, CARBOMER, LIMONIA ÁCIDISSIMA EXTRACT (THANAKA EXTRACT), POLYACRYLAMIDE, PEG-40 CASTOR OIL, C13-14 ISOPARAFFIN, SODIUM CETEARYL SULFATE, POLYSORBATE 20. LAURETH-7 LEUCONOSTOC/RADISH ROOT FERMENT FILTRATE, HIBISCUS SABDARIFFA FLOWER EXTRACT (ROSELLE EXTRACT) SODIUM HYALURONATE, TOCOPHERYL ACETATE, MORUS ALBA BARK EXTRACT (MULBERRY EXTRACT), RETINYL PALMITATE (VITAMIN A). ALOE BARBADENSIS LEAF JUICE (ALOE VERA EXTRACT), MALTODEXTRIN, HELIANTHUS ANNUUS (SUNFLOWER) SEED OIL. CUCUMIS SATIVUS (CUCUMBER) SEED EXTRACT (CUCUMBER EXTRACT). ASCORBIC ACID SODIUM BENZOATE, TOCOPHEROL, POTASSIUM PHOSPHATE, POTASSIUM SORBATE, BHA, CITRIC ACID, CI 19140, CI 14700","WATER, BUTYLENE GLYCOL, C12-15 ALKYL BENZOATE, ISONONYL ISONONANOATE, NIACINAMIDE(VITAMINB3), MINERAL, OILCETEARYLALCOHOL, DIMETHICONE, GLYCERYL STEARATE, PEG-100 STEARATE PHENOXYETHANOL, PANTHENOL (VITAMINB5), CYCLOPENTASILOXANE, ETHYLHEXYL STEARATE, CETYL ALCOHOL, ACRYLATES/C10-30, ALKYL ACRYLATE CROSSPOLYMER, CAPRYLYL GLYCOL, FRAGRANCE, CHLORPHENESIN, POTASSIUM HYDROXIDE, TETRASODIUM EDTA, BISABOLOL, CARBOMER, LIMONIA ÁCIDISSIMA EXTRACT (THANAKA EXTRACT), POLYACRYLAMIDE, PEG-40 CASTOR OIL, C13-14 ISOPARAFFIN, SODIUM CETEARYL SULFATE, POLYSORBATE 20. LAURETH-7, LEUCONOSTOC/RADISH ROOT FERMENT FILTRATE, HIBISCUS SABDARIFFA FLOWER EXTRACT (ROSELLE EXTRACT), SODIUM HYALURONATE, TOCOPHERYL ACETATE, MORUS ALBA BARK EXTRACT (MULBERRY EXTRACT), RETINYL, PALMITATE (VITAMIN A). ALOE BARBADENSIS LEAF JUICE (ALOE VERA EXTRACT), MALTODEXTRIN, HELIANTHUS ANNUUS, (SUNFLOWER) SEED OIL. CUCUMIS SATIVUS (CUCUMBER) SEED EXTRACT (CUCUMBER EXTRACT). ASCORBIC ACID, SODIUM BENZOATE, TOCOPHEROL, POTASSIUM PHOSPHATE, POTASSIUM SOYATE, BHA, CITRIC ACID, CI 19140, CI 14700",1029,116,0.0777,0.2155,0.0593,0.2069,26.6413,
